시군명,발생년도,발생일자,주야구분명,사고요일,사고유형_대분류,사고유형,법규위반내용,도로형태_대분류,도로형태,당사자1_대분류,당사자1_차종,당사자2_대분류,당사자2_차종,사망자수,중상자수,부상자수,부상신고자수,경상자수
평택시,2016,2016-11-28 23시,야간,월요일,차대차,진행중 추돌,안전운전 의무 불이행,교차로,교차로부근,승용차,경형,화물차,소형,1,0,1,0,0
평택시,2016,2016-11-28 20시,야간,월요일,차대사람,횡단중,안전운전 의무 불이행,단일로,기타단일로,이륜차,소형,보행자,보행자,1,0,1,0,0
남양주시,2016,2016-11-28 19시,야간,월요일,차대사람,횡단중,신호위반,교차로,교차로부근,승용차,소형,보행자,보행자,1,0,1,0,0
파주시,2016,2016-11-28 17시,주간,월요일,차대사람,차도통행중,안전운전 의무 불이행,교차로,교차로내,화물차,소형,보행자,보행자,1,0,1,0,0
성남시,2016,2016-11-28 06시,주간,월요일,차대사람,횡단중,안전운전 의무 불이행,단일로,횡단보도상,승용차,중형,보행자,보행자,1,0,1,0,0
안산시,2016,2016-11-27 12시,주간,일요일,차대차,기타,안전운전 의무 불이행,교차로,교차로부근,승용차,중형,승합차,대형,1,0,1,0,0
용인시,2016,2016-11-27 08시,주간,일요일,차대사람,횡단중,신호위반,교차로,교차로부근,화물차,소형,보행자,보행자,1,0,1,0,0
화성시,2016,2016-11-27 06시,주간,일요일,차대차,기타,안전운전 의무 불이행,단일로,고가도로위,승용차,중형,화물차,소형,1,2,3,0,0
오산시,2016,2016-11-27 00시,야간,일요일,차대사람,길가장자리구역통행중,안전운전 의무 불이행,단일로,기타단일로,승용차,경형,보행자,보행자,1,0,1,0,0
광주시,2016,2016-11-26 00시,야간,토요일,차량단독,전도전복,안전운전 의무 불이행,단일로,교량위,특수차,대형,없음,없음,1,0,1,0,0
화성시,2016,2016-11-25 23시,야간,금요일,차대차,기타,안전운전 의무 불이행,교차로,교차로부근,승용차,중형,승용차,중형,1,0,1,0,0
고양시,2016,2016-11-23 19시,야간,수요일,차대사람,차도통행중,안전운전 의무 불이행,교차로,교차로내,승용차,중형,보행자,보행자,1,0,1,0,0
부천시,2016,2016-11-23 15시,주간,수요일,차대사람,횡단중,안전운전 의무 불이행,단일로,기타단일로,화물차,소형,보행자,보행자,1,0,1,0,0
군포시,2016,2016-11-23 09시,주간,수요일,차대사람,횡단중,보행자 보호의무 위반,단일로,횡단보도상,화물차,소형,보행자,보행자,1,0,1,0,0
고양시,2016,2016-11-22 23시,야간,화요일,차대사람,횡단중,보행자 보호의무 위반,단일로,횡단보도상,승용차,중형,보행자,보행자,1,0,1,0,0
고양시,2016,2016-11-22 18시,야간,화요일,차대차,기타,신호위반,교차로,교차로내,화물차,중형,이륜차,소형,1,0,1,0,0
광주시,2016,2016-11-22 18시,야간,화요일,차대사람,횡단중,안전운전 의무 불이행,교차로,교차로내,승용차,소형,보행자,보행자,1,0,1,0,0
포천시,2016,2016-11-21 18시,야간,월요일,차대차,진행중 추돌,안전운전 의무 불이행,단일로,기타단일로,화물차,중형,건설기계,건설기계,2,1,3,0,0
화성시,2016,2016-11-21 17시,주간,월요일,차대차,진행중 추돌,안전운전 의무 불이행,단일로,기타단일로,화물차,소형,건설기계,건설기계,1,0,1,0,0
성남시,2016,2016-11-20 10시,주간,일요일,차량단독,전도전복,안전운전 의무 불이행,단일로,기타단일로,승용차,중형,없음,없음,1,0,3,0,2
가평군,2016,2016-11-19 15시,주간,토요일,차량단독,전도전복,안전운전 의무 불이행,단일로,기타단일로,농기계,농기계,없음,없음,1,0,1,0,0
연천군,2016,2016-11-18 23시,야간,금요일,차량단독,전도전복,안전운전 의무 불이행,단일로,기타단일로,승용차,중형,없음,없음,1,0,1,0,0
부천시,2016,2016-11-18 02시,야간,금요일,차대차,정면충돌,신호위반,교차로,교차로내,화물차,소형,승용차,중형,2,1,3,0,0
포천시,2016,2016-11-17 18시,야간,목요일,차대사람,횡단중,보행자 보호의무 위반,단일로,횡단보도상,화물차,중형,보행자,보행자,1,0,1,0,0
화성시,2016,2016-11-17 07시,주간,목요일,차대차,측면충돌,신호위반,교차로,교차로내,승용차,중형,이륜차,중형,1,0,2,0,1
의정부시,2016,2016-11-17 06시,주간,목요일,차대사람,횡단중,신호위반,교차로,교차로내,승용차,대형,보행자,보행자,1,0,1,0,0
시흥시,2016,2016-11-17 01시,야간,목요일,차대차,측면충돌,신호위반,교차로,교차로내,이륜차,중형,승용차,경형,2,0,2,0,0
평택시,2016,2016-11-15 19시,야간,화요일,차대사람,횡단중,안전운전 의무 불이행,단일로,기타단일로,승용차,중형,보행자,보행자,1,0,1,0,0
양주시,2016,2016-11-15 09시,주간,화요일,차대사람,횡단중,안전운전 의무 불이행,교차로,교차로내,승합차,소형,보행자,보행자,1,0,1,0,0
가평군,2016,2016-11-14 05시,야간,월요일,차대차,기타,안전운전 의무 불이행,단일로,기타단일로,화물차,대형,승용차,대형,1,0,2,0,1
화성시,2016,2016-11-13 03시,야간,일요일,차량단독,공작물충돌,안전운전 의무 불이행,교차로,교차로내,원동기장치자전거,원동기장치자전거,없음,없음,1,0,1,0,0
부천시,2016,2016-11-13 02시,야간,일요일,차대차,측면충돌,신호위반,교차로,교차로내,이륜차,소형,승용차,경형,1,0,1,0,0
용인시,2016,2016-11-12 22시,야간,토요일,차대사람,횡단중,안전운전 의무 불이행,단일로,기타단일로,승용차,중형,보행자,보행자,1,0,1,0,0
광주시,2016,2016-11-12 16시,주간,토요일,차대차,측면충돌,중앙선 침범,단일로,기타단일로,이륜차,사발이,승용차,대형,1,0,1,0,0
파주시,2016,2016-11-12 06시,주간,토요일,차량단독,기타,안전운전 의무 불이행,단일로,기타단일로,이륜차,소형,없음,없음,1,0,1,0,0
평택시,2016,2016-11-11 20시,야간,금요일,차대차,기타,안전운전 의무 불이행,단일로,기타단일로,원동기장치자전거,원동기장치자전거,승용차,중형,1,0,1,0,0
용인시,2016,2016-11-11 18시,야간,금요일,차대차,진행중 추돌,안전운전 의무 불이행,단일로,기타단일로,승용차,중형,건설기계,건설기계,1,0,2,0,1
수원시,2016,2016-11-10 04시,야간,목요일,차대사람,횡단중,안전운전 의무 불이행,교차로,교차로내,승용차,대형,보행자,보행자,1,0,1,0,0
포천시,2016,2016-11-09 19시,야간,수요일,차대사람,기타,안전운전 의무 불이행,단일로,기타단일로,승용차,중형,보행자,보행자,1,0,1,0,0
연천군,2016,2016-11-08 14시,주간,화요일,차대차,진행중 추돌,안전운전 의무 불이행,단일로,기타단일로,승용차,소형,승용차,소형,1,0,1,0,0
평택시,2016,2016-11-08 05시,야간,화요일,차대사람,기타,안전운전 의무 불이행,단일로,기타단일로,승용차,소형,보행자,보행자,1,0,1,0,0
양평군,2016,2016-11-07 22시,야간,월요일,차대사람,기타,안전운전 의무 불이행,단일로,기타단일로,승용차,중형,보행자,보행자,1,0,1,0,0
고양시,2016,2016-11-07 19시,야간,월요일,차대사람,횡단중,안전운전 의무 불이행,교차로,교차로내,승합차,소형,보행자,보행자,1,0,1,0,0
포천시,2016,2016-11-07 18시,야간,월요일,차대차,진행중 추돌,안전운전 의무 불이행,단일로,기타단일로,승용차,경형,이륜차,소형,1,0,1,0,0
광주시,2016,2016-11-06 23시,야간,일요일,차대차,기타,안전운전 의무 불이행,단일로,기타단일로,승용차,중형,승용차,중형,1,3,8,0,4
용인시,2016,2016-11-05 23시,야간,토요일,차대차,정면충돌,신호위반,교차로,교차로내,승용차,중형,이륜차,소형,1,0,1,0,0
파주시,2016,2016-11-05 20시,야간,토요일,차대사람,차도통행중,안전운전 의무 불이행,단일로,기타단일로,화물차,소형,보행자,보행자,1,0,1,0,0
남양주시,2016,2016-11-05 12시,주간,토요일,차대사람,횡단중,안전운전 의무 불이행,교차로,교차로부근,승합차,대형,보행자,보행자,1,0,1,0,0
가평군,2016,2016-11-05 09시,주간,토요일,차대차,정면충돌,중앙선 침범,단일로,기타단일로,이륜차,중형,승용차,중형,1,0,2,0,1
남양주시,2016,2016-11-04 23시,야간,금요일,차대사람,횡단중,신호위반,단일로,기타단일로,승용차,중형,보행자,보행자,1,0,1,0,0
안성시,2016,2016-11-04 20시,야간,금요일,차대사람,기타,안전운전 의무 불이행,단일로,기타단일로,승용차,소형,보행자,보행자,1,0,1,0,0
시흥시,2016,2016-11-04 15시,주간,금요일,차대사람,횡단중,보행자 보호의무 위반,교차로,교차로내,승용차,중형,보행자,보행자,1,0,1,0,0
포천시,2016,2016-11-04 13시,주간,금요일,차대차,정면충돌,중앙선 침범,단일로,기타단일로,화물차,소형,건설기계,건설기계,1,1,2,0,0
광주시,2016,2016-11-04 11시,주간,금요일,차대차,진행중 추돌,안전운전 의무 불이행,교차로,교차로부근,화물차,소형,화물차,소형,1,0,4,0,3
고양시,2016,2016-11-04 06시,주간,금요일,차대사람,횡단중,과속,교차로,교차로내,승용차,중형,보행자,보행자,1,0,1,0,0
평택시,2016,2016-11-04 05시,야간,금요일,차대사람,횡단중,안전운전 의무 불이행,교차로,교차로내,승용차,경형,보행자,보행자,1,0,1,0,0
광주시,2016,2016-11-03 12시,주간,목요일,차대차,진행중 추돌,안전운전 의무 불이행,단일로,기타단일로,승용차,대형,화물차,중형,1,0,1,0,0
오산시,2016,2016-11-03 06시,주간,목요일,차대차,진행중 추돌,안전운전 의무 불이행,단일로,기타단일로,승용차,대형,건설기계,건설기계,1,0,1,0,0
이천시,2016,2016-11-03 05시,야간,목요일,차대차,기타,신호위반,교차로,교차로부근,자전거,자전거,승합차,중형,1,0,1,0,0
이천시,2016,2016-11-02 22시,야간,수요일,차대사람,기타,안전운전 의무 불이행,단일로,기타단일로,승합차,대형,보행자,보행자,1,1,2,0,0
화성시,2016,2016-11-02 07시,주간,수요일,차대사람,기타,안전운전 의무 불이행,단일로,기타단일로,화물차,중형,보행자,보행자,1,0,1,0,0
부천시,2016,2016-11-01 15시,주간,화요일,차대사람,횡단중,기타(운전자법규위반),단일로,기타단일로,승합차,경형,보행자,보행자,1,0,1,0,0
안산시,2016,2016-11-01 06시,주간,화요일,차대사람,횡단중,신호위반,교차로,교차로부근,승합차,중형,보행자,보행자,1,0,1,0,0
화성시,2016,2016-10-31 21시,야간,월요일,차대사람,횡단중,안전운전 의무 불이행,단일로,기타단일로,승합차,중형,보행자,보행자,1,0,1,0,0
양평군,2016,2016-10-31 08시,주간,월요일,차대차,기타,안전운전 의무 불이행,단일로,기타단일로,승용차,소형,자전거,자전거,1,0,1,0,0
평택시,2016,2016-10-31 06시,주간,월요일,차대차,진행중 추돌,안전운전 의무 불이행,단일로,기타단일로,화물차,소형,자전거,자전거,1,0,1,0,0
평택시,2016,2016-10-30 22시,야간,일요일,차대차,기타,안전운전 의무 불이행,단일로,기타단일로,화물차,소형,승용차,중형,1,0,5,4,0
안양시,2016,2016-10-30 21시,야간,일요일,차량단독,도로이탈 기타,안전운전 의무 불이행,단일로,기타단일로,이륜차,대형,없음,없음,1,0,1,0,0
화성시,2016,2016-10-30 12시,주간,일요일,차대차,진행중 추돌,안전운전 의무 불이행,단일로,기타단일로,승용차,중형,승용차,중형,1,0,2,0,1
화성시,2016,2016-10-30 03시,야간,일요일,차대차,기타,안전운전 의무 불이행,단일로,기타단일로,승용차,중형,건설기계,건설기계,1,0,1,0,0
화성시,2016,2016-10-29 16시,주간,토요일,차대차,기타,안전운전 의무 불이행,단일로,기타단일로,승용차,중형,이륜차,소형,1,1,2,0,0
수원시,2016,2016-10-29 03시,야간,토요일,차대사람,횡단중,안전운전 의무 불이행,단일로,횡단보도상,승용차,중형,보행자,보행자,1,0,1,0,0
안성시,2016,2016-10-28 05시,야간,금요일,차대차,기타,중앙선 침범,단일로,기타단일로,승용차,소형,승용차,중형,1,1,2,0,0
광주시,2016,2016-10-27 21시,야간,목요일,차대사람,횡단중,안전운전 의무 불이행,교차로,교차로내,화물차,소형,보행자,보행자,1,0,1,0,0
안양시,2016,2016-10-27 09시,주간,목요일,차대사람,횡단중,안전운전 의무 불이행,단일로,기타단일로,승합차,소형,보행자,보행자,1,0,1,0,0
평택시,2016,2016-10-27 06시,주간,목요일,차대사람,기타,안전운전 의무 불이행,단일로,기타단일로,건설기계,건설기계,보행자,보행자,1,0,1,0,0
김포시,2016,2016-10-27 03시,야간,목요일,차량단독,전도전복,안전거리 미확보,단일로,기타단일로,이륜차,소형,없음,없음,1,0,1,0,0
고양시,2016,2016-10-26 10시,주간,수요일,차량단독,공작물충돌,안전운전 의무 불이행,교차로,교차로부근,이륜차,소형,없음,없음,1,0,1,0,0
양평군,2016,2016-10-25 18시,야간,화요일,차대사람,기타,안전운전 의무 불이행,단일로,기타단일로,승용차,중형,보행자,보행자,1,0,1,0,0
광주시,2016,2016-10-25 15시,주간,화요일,차대사람,기타,안전운전 의무 불이행,단일로,기타단일로,승용차,대형,보행자,보행자,1,0,1,0,0
여주시,2016,2016-10-25 14시,주간,화요일,차대차,정면충돌,안전운전 의무 불이행,교차로,교차로내,승용차,소형,승용차,소형,2,0,3,0,1
김포시,2016,2016-10-25 03시,야간,화요일,차량단독,기타,안전운전 의무 불이행,단일로,기타단일로,화물차,중형,없음,없음,1,0,1,0,0
수원시,2016,2016-10-25 01시,야간,화요일,차대사람,차도통행중,안전운전 의무 불이행,단일로,기타단일로,승용차,중형,보행자,보행자,1,0,1,0,0
시흥시,2016,2016-10-24 18시,야간,월요일,차대사람,횡단중,신호위반,교차로,교차로내,화물차,소형,보행자,보행자,1,0,1,0,0
용인시,2016,2016-10-24 18시,야간,월요일,차대차,진행중 추돌,안전운전 의무 불이행,단일로,기타단일로,화물차,중형,화물차,중형,1,0,1,0,0
파주시,2016,2016-10-24 16시,주간,월요일,차대차,정면충돌,중앙선 침범,단일로,기타단일로,원동기장치자전거,원동기장치자전거,화물차,중형,1,0,2,0,1
용인시,2016,2016-10-24 12시,주간,월요일,차대차,측면충돌,안전운전 의무 불이행,단일로,기타단일로,승합차,소형,승합차,소형,1,1,14,0,12
의정부시,2016,2016-10-23 20시,야간,일요일,차대사람,기타,안전운전 의무 불이행,단일로,횡단보도부근,승합차,대형,보행자,보행자,1,0,1,0,0
여주시,2016,2016-10-23 20시,야간,일요일,차대사람,차도통행중,안전운전 의무 불이행,단일로,기타단일로,화물차,소형,보행자,보행자,1,0,1,0,0
시흥시,2016,2016-10-22 23시,야간,토요일,차량단독,전도전복,안전운전 의무 불이행,단일로,기타단일로,원동기장치자전거,원동기장치자전거,없음,없음,1,0,1,0,0
광명시,2016,2016-10-22 16시,주간,토요일,차대차,측면충돌,신호위반,교차로,교차로내,승용차,중형,원동기장치자전거,원동기장치자전거,1,0,2,0,1
고양시,2016,2016-10-22 16시,주간,토요일,차대사람,차도통행중,안전운전 의무 불이행,교차로,교차로내,건설기계,건설기계,보행자,보행자,1,0,1,0,0
양주시,2016,2016-10-22 03시,야간,토요일,차량단독,전도전복,안전운전 의무 불이행,단일로,기타단일로,이륜차,소형,없음,없음,1,0,1,0,0
화성시,2016,2016-10-21 23시,야간,금요일,차대사람,횡단중,안전운전 의무 불이행,교차로,교차로부근,승용차,소형,보행자,보행자,1,0,1,0,0
포천시,2016,2016-10-21 15시,주간,금요일,차량단독,전도전복,안전운전 의무 불이행,단일로,기타단일로,이륜차,사발이,없음,없음,1,0,1,0,0
안성시,2016,2016-10-20 17시,주간,목요일,차대차,진행중 추돌,안전운전 의무 불이행,단일로,기타단일로,승용차,중형,화물차,소형,2,3,5,0,0
안양시,2016,2016-10-19 17시,주간,수요일,차대사람,기타,기타(운전자법규위반),단일로,기타단일로,승용차,대형,보행자,보행자,1,1,5,0,3
안산시,2016,2016-10-19 15시,주간,수요일,차대차,진행중 추돌,안전운전 의무 불이행,단일로,기타단일로,화물차,대형,화물차,대형,1,0,3,0,2
고양시,2016,2016-10-19 00시,야간,수요일,차대차,측면충돌,신호위반,교차로,교차로내,승용차,중형,이륜차,소형,1,0,1,0,0
구리시,2016,2016-10-18 19시,야간,화요일,차대차,측면충돌,안전운전 의무 불이행,교차로,교차로내,승합차,대형,원동기장치자전거,원동기장치자전거,1,0,1,0,0
남양주시,2016,2016-10-15 21시,야간,토요일,차대차,기타,신호위반,교차로,교차로내,화물차,중형,화물차,중형,1,0,1,0,0
김포시,2016,2016-10-14 18시,야간,금요일,차대차,기타,안전운전 의무 불이행,단일로,기타단일로,승용차,소형,원동기장치자전거,원동기장치자전거,1,0,4,0,3
파주시,2016,2016-10-14 11시,주간,금요일,차대차,정면충돌,중앙선 침범,단일로,기타단일로,승용차,중형,화물차,경형,1,2,4,0,1
평택시,2016,2016-10-13 17시,주간,목요일,차대차,진행중 추돌,안전운전 의무 불이행,단일로,기타단일로,승용차,중형,승용차,경형,1,0,1,0,0
이천시,2016,2016-10-13 08시,주간,목요일,차대차,기타,신호위반,교차로,교차로내,승용차,중형,화물차,대형,2,0,4,0,2
고양시,2016,2016-10-12 19시,야간,수요일,차대사람,기타,안전운전 의무 불이행,교차로,교차로부근,건설기계,건설기계,보행자,보행자,1,0,1,0,0
오산시,2016,2016-10-12 10시,주간,수요일,차대차,측면충돌,안전운전 의무 불이행,교차로,교차로부근,자전거,자전거,승용차,경형,1,0,1,0,0
안양시,2016,2016-10-12 03시,야간,수요일,차대사람,횡단중,안전운전 의무 불이행,교차로,교차로부근,화물차,소형,보행자,보행자,1,0,1,0,0
평택시,2016,2016-10-11 05시,야간,화요일,차대사람,횡단중,안전운전 의무 불이행,단일로,기타단일로,승합차,중형,보행자,보행자,1,0,1,0,0
화성시,2016,2016-10-10 19시,야간,월요일,차대사람,횡단중,안전운전 의무 불이행,단일로,기타단일로,승용차,중형,보행자,보행자,1,0,1,0,0
수원시,2016,2016-10-10 08시,주간,월요일,차대사람,횡단중,보행자 보호의무 위반,교차로,교차로내,화물차,소형,보행자,보행자,1,0,1,0,0
여주시,2016,2016-10-10 06시,주간,월요일,차대차,측면충돌,안전운전 의무 불이행,단일로,기타단일로,승용차,중형,농기계,농기계,1,0,1,0,0
포천시,2016,2016-10-09 23시,야간,일요일,차대사람,횡단중,안전운전 의무 불이행,단일로,기타단일로,승용차,경형,보행자,보행자,1,0,1,0,0
수원시,2016,2016-10-09 18시,야간,일요일,차대사람,횡단중,안전운전 의무 불이행,교차로,교차로내,이륜차,소형,보행자,보행자,1,0,1,0,0
양평군,2016,2016-10-08 06시,주간,토요일,차대차,기타,안전운전 의무 불이행,단일로,기타단일로,승용차,대형,승용차,중형,1,3,5,0,1
평택시,2016,2016-10-08 04시,야간,토요일,차대사람,횡단중,안전운전 의무 불이행,단일로,교량위,화물차,소형,보행자,보행자,1,0,1,0,0
하남시,2016,2016-10-07 22시,야간,금요일,차대사람,횡단중,안전운전 의무 불이행,단일로,기타단일로,승용차,중형,보행자,보행자,1,0,1,0,0
하남시,2016,2016-10-07 13시,주간,금요일,차대차,기타,중앙선 침범,교차로,교차로부근,화물차,소형,원동기장치자전거,원동기장치자전거,1,0,1,0,0
광명시,2016,2016-10-07 13시,주간,금요일,차대차,측면충돌,중앙선 침범,단일로,기타단일로,화물차,소형,이륜차,소형,1,0,1,0,0
평택시,2016,2016-10-07 08시,주간,금요일,차대차,측면충돌,중앙선 침범,단일로,기타단일로,원동기장치자전거,원동기장치자전거,승용차,경형,1,0,1,0,0
평택시,2016,2016-10-07 05시,야간,금요일,차대사람,기타,안전운전 의무 불이행,교차로,교차로내,승용차,경형,보행자,보행자,2,0,3,0,1
시흥시,2016,2016-10-06 21시,야간,목요일,차대사람,횡단중,안전운전 의무 불이행,단일로,횡단보도상,승용차,소형,보행자,보행자,1,0,1,0,0
안양시,2016,2016-10-06 01시,야간,목요일,차대차,진행중 추돌,안전운전 의무 불이행,단일로,기타단일로,화물차,대형,화물차,대형,1,0,2,1,0
남양주시,2016,2016-10-05 23시,야간,수요일,차량단독,전도전복,안전운전 의무 불이행,단일로,기타단일로,승용차,소형,없음,없음,1,0,1,0,0
용인시,2016,2016-10-05 10시,주간,수요일,차대사람,보도통행중,기타(운전자법규위반),단일로,기타단일로,화물차,소형,보행자,보행자,2,3,7,0,2
성남시,2016,2016-10-05 03시,야간,수요일,차대차,기타,안전운전 의무 불이행,단일로,기타단일로,화물차,대형,승용차,중형,1,1,5,0,3
부천시,2016,2016-10-04 19시,야간,화요일,차대차,정면충돌,신호위반,교차로,교차로내,승용차,중형,이륜차,대형,1,0,1,0,0
용인시,2016,2016-10-04 01시,야간,화요일,차대차,측면충돌,신호위반,교차로,교차로내,이륜차,소형,승합차,중형,1,1,3,0,1
고양시,2016,2016-10-03 09시,주간,월요일,차대사람,횡단중,안전운전 의무 불이행,교차로,교차로부근,승용차,경형,보행자,보행자,1,0,1,0,0
김포시,2016,2016-10-02 03시,야간,일요일,차대차,측면충돌,신호위반,교차로,교차로내,이륜차,소형,승용차,소형,1,2,3,0,0
부천시,2016,2016-10-01 14시,주간,토요일,차대사람,길가장자리구역통행중,안전운전 의무 불이행,단일로,고가도로위,건설기계,건설기계,보행자,보행자,1,0,1,0,0
용인시,2016,2016-09-30 16시,주간,금요일,차대사람,횡단중,보행자 보호의무 위반,교차로,교차로부근,승합차,경형,보행자,보행자,1,0,1,0,0
안성시,2016,2016-09-30 10시,주간,금요일,차대사람,차도통행중,안전운전 의무 불이행,교차로,교차로내,승용차,소형,보행자,보행자,1,0,1,0,0
부천시,2016,2016-09-30 09시,주간,금요일,차대차,측면충돌,중앙선 침범,단일로,기타단일로,자전거,자전거,승합차,대형,1,0,1,0,0
광주시,2016,2016-09-30 04시,야간,금요일,차량단독,전도전복,안전운전 의무 불이행,교차로,교차로내,원동기장치자전거,원동기장치자전거,없음,없음,1,0,1,0,0
양주시,2016,2016-09-29 19시,야간,목요일,차대차,측면충돌,중앙선 침범,단일로,기타단일로,승용차,소형,승용차,중형,1,1,3,0,1
용인시,2016,2016-09-29 18시,야간,목요일,차대사람,차도통행중,안전운전 의무 불이행,단일로,기타단일로,승합차,대형,보행자,보행자,1,0,1,0,0
부천시,2016,2016-09-29 15시,주간,목요일,차대차,정면충돌,안전운전 의무 불이행,교차로,교차로내,승용차,중형,이륜차,중형,2,0,2,0,0
수원시,2016,2016-09-29 11시,주간,목요일,차대사람,횡단중,보행자 보호의무 위반,교차로,교차로내,승합차,대형,보행자,보행자,1,0,1,0,0
고양시,2016,2016-09-29 06시,주간,목요일,차량단독,전도전복,안전운전 의무 불이행,단일로,기타단일로,이륜차,소형,없음,없음,1,1,2,0,0
의정부시,2016,2016-09-29 04시,야간,목요일,차대사람,횡단중,신호위반,교차로,교차로내,승용차,중형,보행자,보행자,1,0,1,0,0
수원시,2016,2016-09-29 01시,야간,목요일,차량단독,공작물충돌,안전운전 의무 불이행,단일로,지하차도(도로)내,이륜차,소형,없음,없음,1,1,2,0,0
파주시,2016,2016-09-28 15시,주간,수요일,차량단독,공작물충돌,안전운전 의무 불이행,단일로,기타단일로,원동기장치자전거,원동기장치자전거,없음,없음,1,0,1,0,0
수원시,2016,2016-09-28 06시,주간,수요일,차대사람,횡단중,안전운전 의무 불이행,단일로,횡단보도상,승용차,소형,보행자,보행자,1,0,1,0,0
화성시,2016,2016-09-26 06시,주간,월요일,차량단독,공작물충돌,안전운전 의무 불이행,단일로,기타단일로,승용차,소형,없음,없음,1,0,1,0,0
안산시,2016,2016-09-25 23시,야간,일요일,차대사람,차도통행중,안전운전 의무 불이행,단일로,기타단일로,승합차,대형,보행자,보행자,1,0,1,0,0
여주시,2016,2016-09-25 16시,주간,일요일,차량단독,전도전복,안전운전 의무 불이행,단일로,기타단일로,이륜차,소형,없음,없음,1,0,1,0,0
가평군,2016,2016-09-25 14시,주간,일요일,차대사람,기타,안전운전 의무 불이행,교차로,교차로부근,승용차,중형,보행자,보행자,1,0,1,0,0
성남시,2016,2016-09-25 04시,야간,일요일,차대사람,횡단중,신호위반,단일로,횡단보도상,승합차,중형,보행자,보행자,1,0,1,0,0
김포시,2016,2016-09-23 21시,야간,금요일,차대차,측면충돌,안전운전 의무 불이행,단일로,기타단일로,화물차,소형,이륜차,소형,1,0,1,0,0
평택시,2016,2016-09-23 14시,주간,금요일,차대차,기타,중앙선 침범,교차로,교차로부근,자전거,자전거,특수차,경형,1,0,1,0,0
부천시,2016,2016-09-22 21시,야간,목요일,차대사람,횡단중,안전운전 의무 불이행,교차로,교차로부근,승용차,대형,보행자,보행자,1,0,1,0,0
수원시,2016,2016-09-22 09시,주간,목요일,차대사람,기타,안전운전 의무 불이행,단일로,기타단일로,승용차,경형,보행자,보행자,1,0,1,0,0
광주시,2016,2016-09-21 00시,야간,수요일,차대차,진행중 추돌,안전운전 의무 불이행,단일로,기타단일로,승용차,소형,화물차,소형,1,3,4,0,0
파주시,2016,2016-09-20 19시,야간,화요일,차대사람,횡단중,보행자 보호의무 위반,교차로,교차로부근,승합차,대형,보행자,보행자,1,0,1,0,0
수원시,2016,2016-09-20 01시,야간,화요일,차대차,진행중 추돌,안전운전 의무 불이행,단일로,기타단일로,승용차,중형,화물차,대형,1,0,1,0,0
부천시,2016,2016-09-19 17시,주간,월요일,차대차,기타,안전운전 의무 불이행,단일로,기타단일로,자전거,자전거,승용차,중형,1,0,1,0,0
광주시,2016,2016-09-19 12시,주간,월요일,차대차,측면충돌,교차로 통행방법 위반,교차로,교차로내,승합차,중형,이륜차,소형,1,0,1,0,0
고양시,2016,2016-09-19 09시,주간,월요일,차대차,기타,안전운전 의무 불이행,교차로,교차로내,건설기계,건설기계,자전거,자전거,1,0,1,0,0
양주시,2016,2016-09-19 09시,주간,월요일,차대사람,횡단중,안전운전 의무 불이행,단일로,횡단보도부근,승합차,경형,보행자,보행자,1,0,1,0,0
안산시,2016,2016-09-18 00시,야간,일요일,차대사람,횡단중,과속,교차로,교차로내,승용차,중형,보행자,보행자,2,2,4,0,0
평택시,2016,2016-09-17 10시,주간,토요일,차대차,측면충돌,신호위반,교차로,교차로내,화물차,소형,승용차,경형,1,0,1,0,0
수원시,2016,2016-09-17 09시,주간,토요일,차대차,기타,신호위반,단일로,기타단일로,승합차,중형,자전거,자전거,1,0,1,0,0
과천시,2016,2016-09-16 03시,야간,금요일,차대사람,기타,안전운전 의무 불이행,단일로,기타단일로,승용차,경형,보행자,보행자,1,0,1,0,0
고양시,2016,2016-09-15 17시,주간,목요일,차량단독,기타,안전운전 의무 불이행,단일로,기타단일로,자전거,자전거,없음,없음,1,0,1,0,0
오산시,2016,2016-09-14 21시,야간,수요일,차대사람,횡단중,안전운전 의무 불이행,단일로,횡단보도상,승용차,경형,보행자,보행자,1,0,1,0,0
군포시,2016,2016-09-14 01시,야간,수요일,차대사람,횡단중,안전운전 의무 불이행,단일로,기타단일로,승용차,중형,보행자,보행자,1,1,2,0,0
광주시,2016,2016-09-12 05시,야간,월요일,차대차,기타,안전운전 의무 불이행,단일로,기타단일로,승용차,중형,승용차,중형,2,2,4,0,0
파주시,2016,2016-09-11 16시,주간,일요일,차대차,측면충돌,신호위반,교차로,교차로내,이륜차,소형,승합차,소형,1,0,1,0,0
평택시,2016,2016-09-10 13시,주간,토요일,차대차,정면충돌,중앙선 침범,단일로,기타단일로,승용차,경형,승용차,경형,2,0,3,0,1
용인시,2016,2016-09-10 10시,주간,토요일,차대차,정면충돌,안전운전 의무 불이행,교차로,교차로부근,화물차,소형,화물차,소형,1,0,2,1,0
용인시,2016,2016-09-10 06시,주간,토요일,차대사람,기타,안전운전 의무 불이행,단일로,기타단일로,화물차,중형,보행자,보행자,1,0,1,0,0