시군명,발생년도,발생일자,주야구분명,사고요일,사고유형_대분류,사고유형,법규위반내용,도로형태_대분류,도로형태,당사자1_대분류,당사자1_차종,당사자2_대분류,당사자2_차종,사망자수,중상자수,부상자수,부상신고자수,경상자수
수원시,2016,2016-09-10 05시,야간,토요일,차대차,측면충돌,안전운전 의무 불이행,교차로,교차로내,자전거,자전거,승용차,중형,1,0,1,0,0
고양시,2016,2016-09-10 03시,야간,토요일,차대차,기타,중앙선 침범,단일로,기타단일로,승용차,소형,이륜차,소형,1,0,1,0,0
안산시,2016,2016-09-09 14시,주간,금요일,차대차,진행중 추돌,안전운전 의무 불이행,단일로,기타단일로,화물차,중형,승용차,중형,1,1,2,0,0
부천시,2016,2016-09-09 10시,주간,금요일,차대차,측면충돌,신호위반,교차로,교차로내,이륜차,중형,승용차,중형,2,0,2,0,0
포천시,2016,2016-09-08 19시,야간,목요일,차대사람,횡단중,과속,단일로,기타단일로,화물차,소형,보행자,보행자,1,0,1,0,0
용인시,2016,2016-09-08 17시,주간,목요일,차대사람,기타,안전운전 의무 불이행,단일로,기타단일로,화물차,소형,보행자,보행자,1,0,1,0,0
고양시,2016,2016-09-08 12시,주간,목요일,차대차,기타,안전운전 의무 불이행,교차로,교차로부근,이륜차,소형,승용차,소형,1,1,2,0,0
고양시,2016,2016-09-08 00시,야간,목요일,차대차,진행중 추돌,안전운전 의무 불이행,단일로,기타단일로,특수차,대형,승용차,소형,2,0,2,0,0
오산시,2016,2016-09-06 01시,야간,화요일,차대사람,횡단중,안전운전 의무 불이행,단일로,기타단일로,화물차,소형,보행자,보행자,1,0,1,0,0
시흥시,2016,2016-09-05 11시,주간,월요일,차대차,기타,신호위반,교차로,교차로내,이륜차,소형,화물차,소형,1,0,2,0,1
양주시,2016,2016-09-05 06시,주간,월요일,차대차,진행중 추돌,안전운전 의무 불이행,교차로,교차로부근,화물차,소형,승합차,대형,1,0,3,0,2
안양시,2016,2016-09-03 23시,야간,토요일,차대차,측면충돌,부당한 회전,단일로,기타단일로,자전거,자전거,승용차,대형,1,0,1,0,0
오산시,2016,2016-09-03 17시,주간,토요일,차대차,기타,안전운전 의무 불이행,단일로,횡단보도상,건설기계,건설기계,자전거,자전거,1,0,1,0,0
평택시,2016,2016-09-03 08시,주간,토요일,차량단독,전도전복,안전운전 의무 불이행,단일로,기타단일로,승용차,경형,없음,없음,1,0,1,0,0
용인시,2016,2016-09-03 00시,야간,토요일,차량단독,공작물충돌,안전운전 의무 불이행,교차로,교차로부근,화물차,중형,없음,없음,1,0,1,0,0
성남시,2016,2016-09-02 06시,주간,금요일,차대차,정면충돌,안전운전 의무 불이행,단일로,기타단일로,승용차,경형,승용차,경형,1,0,1,0,0
수원시,2016,2016-09-01 22시,야간,목요일,차대사람,횡단중,안전운전 의무 불이행,단일로,횡단보도상,원동기장치자전거,원동기장치자전거,보행자,보행자,1,0,1,0,0
가평군,2016,2016-08-31 06시,주간,수요일,차대차,진행중 추돌,안전운전 의무 불이행,교차로,교차로부근,화물차,소형,화물차,중형,1,0,2,1,0
안양시,2016,2016-08-31 00시,야간,수요일,차대사람,횡단중,안전운전 의무 불이행,교차로,교차로내,화물차,소형,보행자,보행자,1,0,1,0,0
부천시,2016,2016-08-30 13시,주간,화요일,차대사람,횡단중,안전운전 의무 불이행,교차로,교차로내,승용차,중형,보행자,보행자,1,0,1,0,0
남양주시,2016,2016-08-29 15시,주간,월요일,차량단독,전도전복,안전운전 의무 불이행,단일로,기타단일로,자전거,자전거,없음,없음,1,0,1,0,0
성남시,2016,2016-08-29 14시,주간,월요일,차대차,진행중 추돌,안전운전 의무 불이행,단일로,기타단일로,화물차,소형,화물차,소형,1,1,2,0,0
성남시,2016,2016-08-27 14시,주간,토요일,차대차,진행중 추돌,중앙선 침범,단일로,기타단일로,승용차,중형,이륜차,소형,1,0,1,0,0
화성시,2016,2016-08-27 05시,야간,토요일,차대사람,횡단중,안전운전 의무 불이행,교차로,교차로내,승용차,중형,보행자,보행자,1,0,1,0,0
안성시,2016,2016-08-26 00시,야간,금요일,차대사람,횡단중,보행자 보호의무 위반,교차로,교차로내,승용차,대형,보행자,보행자,1,1,2,0,0
성남시,2016,2016-08-25 10시,주간,목요일,차대사람,횡단중,과속,교차로,교차로부근,승합차,대형,보행자,보행자,1,0,1,0,0
의정부시,2016,2016-08-25 05시,야간,목요일,차대차,측면충돌,안전운전 의무 불이행,교차로,교차로부근,이륜차,소형,승용차,경형,1,0,1,0,0
남양주시,2016,2016-08-23 10시,주간,화요일,차대차,측면충돌,안전운전 의무 불이행,교차로,교차로내,승용차,중형,이륜차,소형,1,0,1,0,0
수원시,2016,2016-08-23 05시,야간,화요일,차대사람,횡단중,안전운전 의무 불이행,기타/불명,기타/불명,승용차,경형,보행자,보행자,1,0,1,0,0
광주시,2016,2016-08-23 05시,야간,화요일,차대차,측면충돌,신호위반,단일로,횡단보도상,화물차,소형,자전거,자전거,1,0,1,0,0
양주시,2016,2016-08-22 18시,야간,월요일,차대차,측면충돌,안전운전 의무 불이행,교차로,교차로내,원동기장치자전거,원동기장치자전거,화물차,소형,1,0,2,0,1
성남시,2016,2016-08-22 16시,주간,월요일,차량단독,공작물충돌,안전운전 의무 불이행,단일로,기타단일로,승용차,중형,없음,없음,1,0,1,0,0
파주시,2016,2016-08-22 12시,주간,월요일,차대사람,횡단중,보행자 보호의무 위반,교차로,교차로내,화물차,소형,보행자,보행자,1,0,1,0,0
이천시,2016,2016-08-21 21시,야간,일요일,차량단독,전도전복,안전운전 의무 불이행,단일로,기타단일로,이륜차,소형,없음,없음,1,0,1,0,0
광주시,2016,2016-08-21 20시,야간,일요일,차대사람,차도통행중,안전운전 의무 불이행,교차로,교차로내,승용차,중형,보행자,보행자,1,0,1,0,0
연천군,2016,2016-08-21 18시,야간,일요일,차량단독,전도전복,안전운전 의무 불이행,단일로,기타단일로,화물차,소형,없음,없음,1,0,1,0,0
이천시,2016,2016-08-21 06시,주간,일요일,차량단독,공작물충돌,안전운전 의무 불이행,교차로,교차로내,승용차,소형,없음,없음,1,0,1,0,0
안성시,2016,2016-08-21 01시,야간,일요일,차량단독,공작물충돌,안전운전 의무 불이행,교차로,교차로부근,승용차,경형,없음,없음,1,0,1,0,0
용인시,2016,2016-08-20 11시,주간,토요일,차대사람,횡단중,안전운전 의무 불이행,교차로,교차로내,승용차,중형,보행자,보행자,1,0,1,0,0
안양시,2016,2016-08-19 21시,야간,금요일,차대사람,차도통행중,안전운전 의무 불이행,단일로,기타단일로,승용차,대형,보행자,보행자,1,0,1,0,0
수원시,2016,2016-08-19 08시,주간,금요일,차대차,측면충돌,안전거리 미확보,단일로,기타단일로,승합차,대형,이륜차,소형,1,0,1,0,0
안산시,2016,2016-08-18 05시,야간,목요일,차대사람,횡단중,안전운전 의무 불이행,단일로,기타단일로,화물차,소형,보행자,보행자,1,0,1,0,0
남양주시,2016,2016-08-16 22시,야간,화요일,차대차,측면충돌,신호위반,교차로,교차로내,승용차,경형,이륜차,소형,1,1,3,1,0
광주시,2016,2016-08-16 20시,야간,화요일,차대차,진행중 추돌,안전운전 의무 불이행,단일로,기타단일로,승용차,중형,승용차,소형,1,2,10,0,7
안양시,2016,2016-08-16 10시,주간,화요일,차대사람,횡단중,신호위반,교차로,교차로내,특수차,대형,보행자,보행자,1,0,1,0,0
용인시,2016,2016-08-16 01시,야간,화요일,차대차,기타,안전운전 의무 불이행,단일로,기타단일로,승용차,중형,승용차,중형,1,0,1,0,0
파주시,2016,2016-08-15 22시,야간,월요일,차대사람,차도통행중,안전운전 의무 불이행,교차로,교차로내,승합차,중형,보행자,보행자,1,0,1,0,0
가평군,2016,2016-08-15 19시,야간,월요일,차량단독,공작물충돌,안전운전 의무 불이행,단일로,기타단일로,승용차,경형,없음,없음,1,0,1,0,0
여주시,2016,2016-08-13 23시,야간,토요일,차대차,진행중 추돌,안전운전 의무 불이행,단일로,터널안,승용차,중형,승용차,중형,1,2,4,0,1
수원시,2016,2016-08-13 22시,야간,토요일,차대사람,횡단중,과속,교차로,교차로부근,승용차,중형,보행자,보행자,1,0,1,0,0
수원시,2016,2016-08-13 01시,야간,토요일,차량단독,전도전복,안전운전 의무 불이행,단일로,기타단일로,원동기장치자전거,원동기장치자전거,없음,없음,1,1,2,0,0
이천시,2016,2016-08-12 21시,야간,금요일,차대사람,횡단중,보행자 보호의무 위반,단일로,기타단일로,승용차,중형,보행자,보행자,1,0,1,0,0
화성시,2016,2016-08-12 10시,주간,금요일,차대차,진행중 추돌,안전거리 미확보,단일로,기타단일로,이륜차,중형,화물차,소형,1,0,1,0,0
안양시,2016,2016-08-11 11시,주간,목요일,차대사람,횡단중,안전운전 의무 불이행,교차로,교차로내,승용차,중형,보행자,보행자,1,0,1,0,0
남양주시,2016,2016-08-11 00시,야간,목요일,차대사람,횡단중,과속,교차로,교차로내,승용차,중형,보행자,보행자,1,0,1,0,0
여주시,2016,2016-08-09 19시,야간,화요일,차량단독,도로이탈 기타,안전운전 의무 불이행,단일로,기타단일로,승용차,소형,없음,없음,1,0,1,0,0
평택시,2016,2016-08-09 04시,야간,화요일,차대차,기타,안전운전 의무 불이행,단일로,기타단일로,승용차,대형,화물차,대형,1,1,2,0,0
파주시,2016,2016-08-07 14시,주간,일요일,차량단독,공작물충돌,안전운전 의무 불이행,단일로,기타단일로,화물차,경형,없음,없음,1,0,1,0,0
안성시,2016,2016-08-07 05시,야간,일요일,차량단독,기타,안전운전 의무 불이행,단일로,기타단일로,이륜차,소형,없음,없음,1,1,2,0,0
남양주시,2016,2016-08-06 13시,주간,토요일,차대차,기타,안전운전 의무 불이행,단일로,기타단일로,승용차,중형,화물차,중형,1,1,9,0,7
김포시,2016,2016-08-06 04시,야간,토요일,차량단독,전도전복,안전운전 의무 불이행,단일로,기타단일로,이륜차,소형,없음,없음,1,0,1,0,0
광주시,2016,2016-08-04 17시,주간,목요일,차대차,측면충돌,안전거리 미확보,교차로,교차로부근,자전거,자전거,승용차,대형,1,0,1,0,0
용인시,2016,2016-08-04 11시,주간,목요일,차대사람,기타,기타(운전자법규위반),단일로,기타단일로,승합차,소형,보행자,보행자,1,4,6,0,1
안성시,2016,2016-08-04 11시,주간,목요일,차대차,진행중 추돌,안전운전 의무 불이행,단일로,기타단일로,화물차,소형,화물차,대형,1,0,1,0,0
수원시,2016,2016-08-04 03시,야간,목요일,차량단독,공작물충돌,안전운전 의무 불이행,단일로,기타단일로,이륜차,소형,없음,없음,1,0,1,0,0
고양시,2016,2016-08-03 23시,야간,수요일,차량단독,전도전복,안전운전 의무 불이행,단일로,기타단일로,원동기장치자전거,원동기장치자전거,없음,없음,1,0,1,0,0
용인시,2016,2016-08-03 05시,야간,수요일,차대차,진행중 추돌,안전운전 의무 불이행,기타/불명,기타/불명,화물차,소형,화물차,소형,1,3,4,0,0
화성시,2016,2016-08-01 14시,주간,월요일,차대차,진행중 추돌,안전운전 의무 불이행,교차로,교차로부근,화물차,경형,승용차,대형,1,0,2,0,1
수원시,2016,2016-07-31 10시,주간,일요일,차대차,측면충돌,교차로 통행방법 위반,교차로,교차로부근,자전거,자전거,승용차,중형,1,0,1,0,0
안산시,2016,2016-07-29 03시,야간,금요일,차대사람,횡단중,안전운전 의무 불이행,교차로,교차로부근,승용차,소형,보행자,보행자,1,0,1,0,0
이천시,2016,2016-07-28 22시,야간,목요일,차대사람,기타,안전운전 의무 불이행,단일로,기타단일로,승용차,대형,보행자,보행자,1,0,1,0,0
동두천시,2016,2016-07-28 04시,야간,목요일,차대사람,기타,안전운전 의무 불이행,단일로,기타단일로,승용차,경형,보행자,보행자,1,0,1,0,0
용인시,2016,2016-07-28 01시,야간,목요일,차량단독,공작물충돌,안전운전 의무 불이행,단일로,기타단일로,승용차,소형,없음,없음,1,0,1,0,0
수원시,2016,2016-07-27 15시,주간,수요일,차대차,기타,안전운전 의무 불이행,교차로,교차로내,승용차,경형,화물차,중형,1,1,2,0,0
평택시,2016,2016-07-27 07시,주간,수요일,차대차,기타,안전운전 의무 불이행,교차로,교차로부근,승용차,소형,자전거,자전거,1,0,1,0,0
고양시,2016,2016-07-27 04시,야간,수요일,차대차,진행중 추돌,안전운전 의무 불이행,단일로,기타단일로,승용차,소형,화물차,대형,1,0,1,0,0
양주시,2016,2016-07-26 21시,야간,화요일,차대차,정면충돌,중앙선 침범,단일로,기타단일로,승용차,경형,승용차,경형,1,1,2,0,0
김포시,2016,2016-07-26 15시,주간,화요일,차대차,정면충돌,중앙선 침범,단일로,기타단일로,승용차,중형,화물차,소형,1,0,2,0,1
파주시,2016,2016-07-26 14시,주간,화요일,차대차,정면충돌,안전운전 의무 불이행,단일로,기타단일로,원동기장치자전거,원동기장치자전거,화물차,소형,1,0,1,0,0
파주시,2016,2016-07-26 05시,야간,화요일,차량단독,공작물충돌,안전운전 의무 불이행,교차로,교차로내,승용차,중형,없음,없음,1,0,1,0,0
수원시,2016,2016-07-24 21시,야간,일요일,차대사람,횡단중,안전운전 의무 불이행,단일로,기타단일로,승용차,중형,보행자,보행자,1,0,1,0,0
이천시,2016,2016-07-24 03시,야간,일요일,차량단독,공작물충돌,안전운전 의무 불이행,교차로,교차로부근,승용차,소형,없음,없음,1,0,1,0,0
안산시,2016,2016-07-23 10시,주간,토요일,차대차,측면충돌,안전운전 의무 불이행,단일로,기타단일로,화물차,소형,자전거,자전거,1,0,1,0,0
수원시,2016,2016-07-23 03시,야간,토요일,차대사람,횡단중,과속,단일로,횡단보도상,이륜차,소형,보행자,보행자,1,0,2,0,1
수원시,2016,2016-07-22 16시,주간,금요일,차대차,기타,기타(운전자법규위반),단일로,기타단일로,화물차,중형,승용차,중형,1,0,2,0,1
하남시,2016,2016-07-22 16시,주간,금요일,차대차,정면충돌,안전운전 의무 불이행,교차로,교차로내,승합차,대형,이륜차,소형,1,0,1,0,0
오산시,2016,2016-07-22 11시,주간,금요일,차량단독,공작물충돌,안전운전 의무 불이행,단일로,기타단일로,승용차,소형,없음,없음,1,0,1,0,0
남양주시,2016,2016-07-22 01시,야간,금요일,차대사람,횡단중,안전운전 의무 불이행,단일로,교량위,승용차,중형,보행자,보행자,1,0,1,0,0
성남시,2016,2016-07-21 21시,야간,목요일,차량단독,도로이탈 추락,안전운전 의무 불이행,기타/불명,기타/불명,자전거,자전거,없음,없음,1,0,1,0,0
성남시,2016,2016-07-21 09시,주간,목요일,차대차,기타,기타(운전자법규위반),단일로,기타단일로,승용차,중형,화물차,소형,1,2,3,0,0
포천시,2016,2016-07-20 22시,야간,수요일,차대차,기타,안전운전 의무 불이행,단일로,기타단일로,화물차,중형,자전거,자전거,1,0,1,0,0
안산시,2016,2016-07-20 08시,주간,수요일,차량단독,전도전복,안전운전 의무 불이행,단일로,기타단일로,자전거,자전거,없음,없음,1,0,1,0,0
여주시,2016,2016-07-19 14시,주간,화요일,차량단독,전도전복,안전운전 의무 불이행,단일로,기타단일로,농기계,농기계,없음,없음,1,0,1,0,0
오산시,2016,2016-07-18 05시,야간,월요일,차대사람,횡단중,안전운전 의무 불이행,단일로,기타단일로,승용차,대형,보행자,보행자,1,0,1,0,0
고양시,2016,2016-07-17 10시,주간,일요일,차대차,진행중 추돌,안전운전 의무 불이행,단일로,기타단일로,승용차,중형,승용차,중형,2,1,5,0,2
수원시,2016,2016-07-16 21시,야간,토요일,차대사람,횡단중,안전운전 의무 불이행,기타/불명,기타/불명,승용차,소형,보행자,보행자,1,0,1,0,0
평택시,2016,2016-07-16 21시,야간,토요일,차대사람,횡단중,안전운전 의무 불이행,단일로,기타단일로,승용차,중형,보행자,보행자,1,0,1,0,0
부천시,2016,2016-07-16 13시,주간,토요일,차대차,측면충돌,안전운전 의무 불이행,교차로,교차로내,승용차,중형,이륜차,소형,1,0,1,0,0
양평군,2016,2016-07-16 11시,주간,토요일,차량단독,전도전복,안전운전 의무 불이행,단일로,기타단일로,화물차,중형,없음,없음,1,0,1,0,0
파주시,2016,2016-07-16 10시,주간,토요일,차대차,측면충돌,중앙선 침범,단일로,기타단일로,화물차,대형,화물차,소형,1,0,1,0,0
용인시,2016,2016-07-15 23시,야간,금요일,차대차,측면충돌,안전운전 의무 불이행,단일로,기타단일로,승용차,대형,이륜차,소형,1,0,2,0,1
안산시,2016,2016-07-15 20시,야간,금요일,차대차,정면충돌,중앙선 침범,단일로,기타단일로,화물차,소형,승용차,중형,1,6,7,0,0
평택시,2016,2016-07-15 13시,주간,금요일,차대차,진행중 추돌,안전운전 의무 불이행,단일로,기타단일로,화물차,소형,화물차,대형,1,0,2,0,1
시흥시,2016,2016-07-15 10시,주간,금요일,차대차,측면충돌,안전운전 의무 불이행,교차로,교차로내,화물차,대형,자전거,자전거,1,0,1,0,0
양주시,2016,2016-07-14 17시,주간,목요일,차대사람,횡단중,안전운전 의무 불이행,교차로,교차로내,화물차,소형,보행자,보행자,1,0,1,0,0
의정부시,2016,2016-07-14 02시,야간,목요일,차량단독,전도전복,안전운전 의무 불이행,단일로,기타단일로,승용차,소형,없음,없음,1,0,1,0,0
광주시,2016,2016-07-13 20시,야간,수요일,차대사람,기타,보행자 보호의무 위반,교차로,교차로부근,승용차,중형,보행자,보행자,1,0,1,0,0
안성시,2016,2016-07-13 18시,야간,수요일,차대차,기타,안전운전 의무 불이행,단일로,기타단일로,승용차,대형,승용차,소형,1,0,1,0,0
양평군,2016,2016-07-13 18시,야간,수요일,차대차,정면충돌,안전운전 의무 불이행,단일로,기타단일로,승용차,중형,원동기장치자전거,원동기장치자전거,1,0,1,0,0
성남시,2016,2016-07-13 01시,야간,수요일,차대사람,차도통행중,안전운전 의무 불이행,기타/불명,기타/불명,승용차,경형,보행자,보행자,1,0,1,0,0
포천시,2016,2016-07-11 19시,야간,월요일,차량단독,전도전복,안전운전 의무 불이행,교차로,교차로부근,이륜차,소형,없음,없음,1,0,1,0,0
부천시,2016,2016-07-09 03시,야간,토요일,차대차,측면충돌,신호위반,교차로,교차로내,화물차,대형,이륜차,중형,1,0,1,0,0
이천시,2016,2016-07-09 01시,야간,토요일,차대차,진행중 추돌,안전운전 의무 불이행,교차로,교차로부근,원동기장치자전거,원동기장치자전거,승용차,소형,1,0,1,0,0
성남시,2016,2016-07-08 14시,주간,금요일,차대차,측면충돌,과속,단일로,기타단일로,화물차,중형,자전거,자전거,1,0,1,0,0
파주시,2016,2016-07-07 23시,야간,목요일,차대사람,차도통행중,안전운전 의무 불이행,단일로,기타단일로,승용차,경형,보행자,보행자,1,0,1,0,0
평택시,2016,2016-07-07 22시,야간,목요일,차량단독,전도전복,안전운전 의무 불이행,교차로,교차로내,화물차,소형,없음,없음,1,0,1,0,0
남양주시,2016,2016-07-07 20시,야간,목요일,차대차,정면충돌,부당한 회전,단일로,기타단일로,자전거,자전거,승용차,중형,1,0,1,0,0
이천시,2016,2016-07-06 08시,주간,수요일,차대차,측면충돌,중앙선 침범,단일로,기타단일로,화물차,소형,승용차,경형,1,1,2,0,0
남양주시,2016,2016-07-05 12시,주간,화요일,차대사람,횡단중,신호위반,교차로,교차로부근,화물차,소형,보행자,보행자,1,0,1,0,0
김포시,2016,2016-07-04 13시,주간,월요일,차대차,정면충돌,교차로 통행방법 위반,교차로,교차로내,승용차,경형,이륜차,소형,1,0,1,0,0
파주시,2016,2016-07-04 05시,야간,월요일,차량단독,전도전복,안전운전 의무 불이행,단일로,기타단일로,원동기장치자전거,원동기장치자전거,없음,없음,1,0,1,0,0
포천시,2016,2016-07-03 14시,주간,일요일,차대차,정면충돌,중앙선 침범,단일로,기타단일로,승용차,경형,승용차,경형,2,2,4,0,0
동두천시,2016,2016-07-03 09시,주간,일요일,차대차,측면충돌,신호위반,교차로,교차로내,승합차,중형,이륜차,소형,1,0,1,0,0
시흥시,2016,2016-07-02 01시,야간,토요일,차대사람,횡단중,안전운전 의무 불이행,단일로,기타단일로,승용차,중형,보행자,보행자,1,0,1,0,0
용인시,2016,2016-07-01 18시,야간,금요일,차대사람,기타,과속,교차로,교차로부근,승용차,중형,보행자,보행자,1,3,5,1,0
군포시,2016,2016-07-01 18시,야간,금요일,차대사람,횡단중,안전운전 의무 불이행,단일로,기타단일로,화물차,소형,보행자,보행자,1,0,1,0,0
안산시,2016,2016-07-01 17시,주간,금요일,차대사람,횡단중,과속,단일로,기타단일로,승용차,중형,보행자,보행자,1,0,1,0,0
이천시,2016,2016-07-01 13시,주간,금요일,차대차,정면충돌,중앙선 침범,단일로,기타단일로,원동기장치자전거,원동기장치자전거,화물차,소형,1,0,1,0,0
시흥시,2016,2016-07-01 06시,주간,금요일,차대차,측면충돌,신호위반,교차로,교차로내,승용차,중형,원동기장치자전거,원동기장치자전거,1,0,1,0,0
고양시,2016,2016-06-30 06시,주간,목요일,차대차,측면충돌,신호위반,교차로,교차로내,건설기계,건설기계,이륜차,중형,1,0,1,0,0
평택시,2016,2016-06-30 02시,야간,목요일,차대차,기타,안전운전 의무 불이행,단일로,기타단일로,화물차,대형,화물차,소형,2,1,4,0,1
평택시,2016,2016-06-29 07시,주간,수요일,차대차,측면충돌,중앙선 침범,교차로,교차로부근,승용차,경형,승용차,소형,1,0,3,0,2
광주시,2016,2016-06-28 23시,야간,화요일,차대차,기타,안전운전 의무 불이행,단일로,기타단일로,승용차,중형,건설기계,건설기계,3,2,6,0,1
의정부시,2016,2016-06-28 01시,야간,화요일,차대사람,횡단중,안전운전 의무 불이행,교차로,교차로내,승용차,경형,보행자,보행자,1,0,1,0,0
화성시,2016,2016-06-27 02시,야간,월요일,차대사람,기타,안전운전 의무 불이행,단일로,기타단일로,화물차,중형,보행자,보행자,2,0,2,0,0
고양시,2016,2016-06-26 19시,야간,일요일,차대차,측면충돌,부당한 회전,단일로,기타단일로,승용차,중형,이륜차,중형,1,0,2,0,1
화성시,2016,2016-06-26 13시,주간,일요일,차대차,정면충돌,교차로 통행방법 위반,교차로,교차로내,승용차,경형,이륜차,소형,1,0,1,0,0
구리시,2016,2016-06-26 00시,야간,일요일,차량단독,기타,안전운전 의무 불이행,기타/불명,기타/불명,승합차,중형,없음,없음,1,0,1,0,0
남양주시,2016,2016-06-25 06시,주간,토요일,차대사람,차도통행중,안전운전 의무 불이행,단일로,기타단일로,승용차,중형,보행자,보행자,1,0,1,0,0
수원시,2016,2016-06-25 02시,야간,토요일,차대사람,횡단중,안전운전 의무 불이행,단일로,기타단일로,승용차,중형,보행자,보행자,1,0,1,0,0
남양주시,2016,2016-06-23 09시,주간,목요일,차대차,기타,안전운전 의무 불이행,교차로,교차로내,승용차,대형,자전거,자전거,1,0,1,0,0
평택시,2016,2016-06-22 11시,주간,수요일,차대차,진행중 추돌,안전운전 의무 불이행,교차로,교차로부근,화물차,소형,화물차,소형,1,0,3,1,1
의정부시,2016,2016-06-21 14시,주간,화요일,차대사람,기타,안전운전 의무 불이행,단일로,기타단일로,승용차,소형,보행자,보행자,1,0,1,0,0
포천시,2016,2016-06-21 11시,주간,화요일,차대차,측면충돌,안전운전 의무 불이행,단일로,기타단일로,특수차,경형,원동기장치자전거,원동기장치자전거,1,0,1,0,0
수원시,2016,2016-06-21 03시,야간,화요일,차량단독,공작물충돌,안전운전 의무 불이행,단일로,기타단일로,이륜차,대형,없음,없음,1,0,1,0,0
광주시,2016,2016-06-21 00시,야간,화요일,차대차,진행중 추돌,안전거리 미확보,교차로,교차로부근,화물차,소형,승합차,대형,1,0,1,0,0
양주시,2016,2016-06-20 21시,야간,월요일,차대차,진행중 추돌,안전거리 미확보,단일로,기타단일로,화물차,경형,승용차,중형,1,0,1,0,0
안성시,2016,2016-06-20 06시,주간,월요일,차대차,측면충돌,중앙선 침범,단일로,기타단일로,승용차,소형,화물차,소형,1,0,1,0,0
양주시,2016,2016-06-20 01시,야간,월요일,차대차,진행중 추돌,안전운전 의무 불이행,단일로,기타단일로,화물차,소형,화물차,중형,1,2,3,0,0
용인시,2016,2016-06-19 02시,야간,일요일,차량단독,전도전복,안전운전 의무 불이행,단일로,기타단일로,승합차,소형,없음,없음,1,1,2,0,0
화성시,2016,2016-06-18 19시,야간,토요일,차대차,측면충돌,안전거리 미확보,교차로,교차로부근,화물차,대형,원동기장치자전거,원동기장치자전거,1,0,1,0,0
용인시,2016,2016-06-18 12시,주간,토요일,차대차,측면충돌,신호위반,교차로,교차로내,승용차,경형,승용차,경형,1,0,5,1,3
의왕시,2016,2016-06-16 21시,야간,목요일,차대사람,횡단중,안전운전 의무 불이행,단일로,기타단일로,승합차,대형,보행자,보행자,1,1,2,0,0
시흥시,2016,2016-06-16 08시,주간,목요일,차대사람,차도통행중,안전운전 의무 불이행,교차로,교차로부근,화물차,소형,보행자,보행자,1,0,1,0,0
광주시,2016,2016-06-15 23시,야간,수요일,차대사람,기타,안전운전 의무 불이행,단일로,기타단일로,승용차,중형,보행자,보행자,1,0,1,0,0
김포시,2016,2016-06-15 20시,야간,수요일,차대사람,횡단중,보행자 보호의무 위반,교차로,교차로부근,자전거,자전거,보행자,보행자,1,0,1,0,0
수원시,2016,2016-06-15 02시,야간,수요일,차대사람,횡단중,안전운전 의무 불이행,단일로,기타단일로,승용차,중형,보행자,보행자,1,0,1,0,0
화성시,2016,2016-06-15 01시,야간,수요일,차대차,진행중 추돌,안전운전 의무 불이행,단일로,기타단일로,승용차,소형,화물차,대형,1,0,2,0,1
평택시,2016,2016-06-14 12시,주간,화요일,차대사람,기타,안전운전 의무 불이행,단일로,기타단일로,승합차,소형,보행자,보행자,1,0,1,0,0
여주시,2016,2016-06-14 08시,주간,화요일,차대차,정면충돌,안전운전 의무 불이행,단일로,기타단일로,건설기계,건설기계,이륜차,소형,1,0,1,0,0
남양주시,2016,2016-06-13 20시,야간,월요일,차대사람,횡단중,안전운전 의무 불이행,교차로,교차로내,승용차,경형,보행자,보행자,1,0,1,0,0
용인시,2016,2016-06-13 14시,주간,월요일,차대차,진행중 추돌,안전운전 의무 불이행,단일로,지하차도(도로)내,승합차,중형,승용차,중형,1,0,2,0,1
평택시,2016,2016-06-13 03시,야간,월요일,차량단독,공작물충돌,안전운전 의무 불이행,교차로,교차로내,승용차,중형,없음,없음,1,0,1,0,0
평택시,2016,2016-06-11 16시,주간,토요일,차대차,측면충돌,교차로 통행방법 위반,교차로,교차로내,특수차,대형,원동기장치자전거,원동기장치자전거,1,0,1,0,0
고양시,2016,2016-06-11 11시,주간,토요일,차대사람,기타,안전운전 의무 불이행,단일로,기타단일로,승용차,중형,보행자,보행자,1,3,4,0,0
화성시,2016,2016-06-11 10시,주간,토요일,차대차,측면충돌,안전운전 의무 불이행,단일로,기타단일로,승용차,소형,승용차,대형,2,2,4,0,0
용인시,2016,2016-06-11 00시,야간,토요일,차대사람,차도통행중,안전운전 의무 불이행,단일로,기타단일로,승용차,중형,보행자,보행자,1,0,1,0,0
안양시,2016,2016-06-11 00시,야간,토요일,차대사람,횡단중,안전운전 의무 불이행,교차로,교차로내,승용차,중형,보행자,보행자,1,0,1,0,0
시흥시,2016,2016-06-10 16시,주간,금요일,차대차,정면충돌,직진 및 우회전차의 통행방해,교차로,교차로내,화물차,소형,이륜차,소형,1,0,1,0,0
안양시,2016,2016-06-10 12시,주간,금요일,차대사람,횡단중,안전운전 의무 불이행,기타/불명,기타/불명,승용차,중형,보행자,보행자,1,0,1,0,0
양주시,2016,2016-06-10 11시,주간,금요일,차대차,정면충돌,중앙선 침범,단일로,기타단일로,승용차,경형,화물차,대형,1,0,2,0,1
안성시,2016,2016-06-10 09시,주간,금요일,차량단독,전도전복,안전운전 의무 불이행,단일로,기타단일로,승용차,대형,없음,없음,1,0,2,1,0