시군명,발생년도,발생일자,주야구분명,사고요일,사고유형_대분류,사고유형,법규위반내용,도로형태_대분류,도로형태,당사자1_대분류,당사자1_차종,당사자2_대분류,당사자2_차종,사망자수,중상자수,부상자수,부상신고자수,경상자수
오산시,2016,2016-06-10 05시,야간,금요일,차량단독,전도전복,안전운전 의무 불이행,교차로,교차로내,특수차,대형,없음,없음,1,0,1,0,0
이천시,2016,2016-06-09 17시,주간,목요일,차대사람,길가장자리구역통행중,안전운전 의무 불이행,단일로,기타단일로,승용차,중형,보행자,보행자,1,0,1,0,0
여주시,2016,2016-06-08 10시,주간,수요일,차대사람,기타,안전운전 의무 불이행,교차로,교차로내,승용차,경형,보행자,보행자,1,0,1,0,0
화성시,2016,2016-06-08 08시,주간,수요일,차대사람,기타,안전운전 의무 불이행,단일로,기타단일로,승합차,중형,보행자,보행자,1,1,2,0,0
광명시,2016,2016-06-08 05시,야간,수요일,차대차,기타,과속,단일로,지하차도(도로)내,승용차,중형,이륜차,소형,1,0,1,0,0
화성시,2016,2016-06-07 23시,야간,화요일,차대차,정면충돌,중앙선 침범,단일로,고가도로위,승용차,중형,승용차,중형,1,1,2,0,0
포천시,2016,2016-06-06 21시,야간,월요일,차대사람,횡단중,안전운전 의무 불이행,교차로,교차로내,승용차,중형,보행자,보행자,1,0,1,0,0
김포시,2016,2016-06-06 15시,주간,월요일,차대차,기타,안전운전 의무 불이행,단일로,기타단일로,이륜차,소형,특수차,중형,1,0,1,0,0
남양주시,2016,2016-06-06 05시,야간,월요일,차대사람,기타,안전운전 의무 불이행,교차로,교차로부근,승합차,대형,보행자,보행자,1,0,1,0,0
평택시,2016,2016-06-05 04시,야간,일요일,차대사람,기타,안전운전 의무 불이행,교차로,교차로부근,승용차,소형,보행자,보행자,1,0,1,0,0
화성시,2016,2016-06-04 21시,야간,토요일,차대차,진행중 추돌,안전운전 의무 불이행,단일로,기타단일로,승용차,중형,원동기장치자전거,원동기장치자전거,1,1,2,0,0
남양주시,2016,2016-06-04 08시,주간,토요일,차량단독,공작물충돌,안전운전 의무 불이행,교차로,교차로부근,승용차,경형,없음,없음,1,0,1,0,0
안성시,2016,2016-06-03 07시,주간,금요일,차대차,진행중 추돌,안전운전 의무 불이행,교차로,교차로부근,승용차,경형,자전거,자전거,1,0,1,0,0
의정부시,2016,2016-06-03 01시,야간,금요일,차대사람,기타,안전운전 의무 불이행,단일로,기타단일로,승용차,중형,보행자,보행자,1,0,1,0,0
고양시,2016,2016-06-02 10시,주간,목요일,차량단독,기타,기타(운전자법규위반),단일로,기타단일로,승합차,대형,없음,없음,1,0,1,0,0
파주시,2016,2016-06-01 23시,야간,수요일,차대사람,횡단중,보행자 보호의무 위반,단일로,횡단보도상,승용차,대형,보행자,보행자,1,0,1,0,0
양평군,2016,2016-06-01 16시,주간,수요일,차대차,정면충돌,직진 및 우회전차의 통행방해,교차로,교차로내,승용차,소형,승용차,중형,1,3,5,0,1
군포시,2016,2016-06-01 09시,주간,수요일,차대사람,기타,안전운전 의무 불이행,단일로,기타단일로,화물차,중형,보행자,보행자,1,0,1,0,0
용인시,2016,2016-05-31 21시,야간,화요일,차대사람,횡단중,안전운전 의무 불이행,단일로,기타단일로,승용차,경형,보행자,보행자,1,0,1,0,0
성남시,2016,2016-05-30 22시,야간,월요일,차대사람,차도통행중,안전운전 의무 불이행,단일로,기타단일로,승용차,중형,보행자,보행자,1,0,1,0,0
시흥시,2016,2016-05-30 21시,야간,월요일,차대사람,기타,안전운전 의무 불이행,단일로,기타단일로,화물차,대형,보행자,보행자,1,1,2,0,0
광주시,2016,2016-05-30 02시,야간,월요일,차대사람,횡단중,신호위반,교차로,교차로부근,승용차,대형,보행자,보행자,1,0,1,0,0
광주시,2016,2016-05-29 23시,야간,일요일,차대차,진행중 추돌,안전운전 의무 불이행,단일로,기타단일로,승용차,중형,화물차,대형,1,0,1,0,0
의정부시,2016,2016-05-29 00시,야간,일요일,차대사람,기타,안전운전 의무 불이행,교차로,교차로내,승용차,중형,보행자,보행자,1,0,1,0,0
안성시,2016,2016-05-28 14시,주간,토요일,차대사람,기타,안전운전 의무 불이행,단일로,기타단일로,승용차,소형,보행자,보행자,1,0,1,0,0
광주시,2016,2016-05-28 13시,주간,토요일,차대사람,기타,안전운전 의무 불이행,단일로,기타단일로,승용차,중형,보행자,보행자,1,0,2,0,1
광주시,2016,2016-05-28 10시,주간,토요일,차대차,진행중 추돌,안전운전 의무 불이행,단일로,기타단일로,화물차,중형,건설기계,건설기계,1,0,1,0,0
화성시,2016,2016-05-28 00시,야간,토요일,차대차,기타,안전운전 의무 불이행,단일로,기타단일로,승용차,경형,화물차,대형,1,0,1,0,0
부천시,2016,2016-05-28 00시,야간,토요일,차대사람,길가장자리구역통행중,안전운전 의무 불이행,단일로,기타단일로,승합차,대형,보행자,보행자,1,0,1,0,0
화성시,2016,2016-05-25 03시,야간,수요일,차대차,측면충돌,안전운전 의무 불이행,단일로,기타단일로,화물차,중형,특수차,대형,2,1,10,2,5
시흥시,2016,2016-05-24 17시,주간,화요일,차대차,정면충돌,중앙선 침범,단일로,기타단일로,승합차,중형,승용차,중형,2,0,4,0,2
남양주시,2016,2016-05-24 10시,주간,화요일,차대차,정면충돌,중앙선 침범,단일로,기타단일로,화물차,소형,승합차,대형,1,0,3,0,2
파주시,2016,2016-05-24 07시,주간,화요일,차대차,정면충돌,중앙선 침범,단일로,기타단일로,화물차,중형,승용차,중형,1,3,8,0,4
수원시,2016,2016-05-24 02시,야간,화요일,차대사람,횡단중,안전운전 의무 불이행,단일로,기타단일로,승용차,경형,보행자,보행자,1,0,1,0,0
포천시,2016,2016-05-23 14시,주간,월요일,차대차,정면충돌,중앙선 침범,단일로,기타단일로,화물차,중형,승용차,중형,1,1,2,0,0
양평군,2016,2016-05-23 07시,주간,월요일,차량단독,전도전복,안전운전 의무 불이행,기타/불명,기타/불명,승용차,대형,없음,없음,1,0,1,0,0
용인시,2016,2016-05-23 05시,야간,월요일,차대차,진행중 추돌,안전운전 의무 불이행,단일로,기타단일로,승용차,중형,화물차,소형,1,0,3,1,1
평택시,2016,2016-05-22 19시,야간,일요일,차대사람,기타,안전운전 의무 불이행,단일로,기타단일로,승용차,중형,보행자,보행자,2,0,2,0,0
안양시,2016,2016-05-22 17시,주간,일요일,차대사람,차도통행중,안전운전 의무 불이행,단일로,기타단일로,승합차,중형,보행자,보행자,1,3,5,0,1
평택시,2016,2016-05-21 14시,주간,토요일,차량단독,전도전복,안전운전 의무 불이행,단일로,기타단일로,승용차,중형,없음,없음,1,0,1,0,0
고양시,2016,2016-05-21 07시,주간,토요일,차량단독,공작물충돌,안전운전 의무 불이행,단일로,기타단일로,원동기장치자전거,원동기장치자전거,없음,없음,1,0,1,0,0
남양주시,2016,2016-05-21 02시,야간,토요일,차량단독,전도전복,안전운전 의무 불이행,단일로,기타단일로,이륜차,소형,없음,없음,1,0,1,0,0
광주시,2016,2016-05-20 15시,주간,금요일,차대차,진행중 추돌,안전운전 의무 불이행,단일로,기타단일로,승용차,중형,승용차,중형,1,0,4,0,3
광주시,2016,2016-05-20 15시,주간,금요일,차대차,진행중 추돌,안전운전 의무 불이행,단일로,기타단일로,화물차,중형,승용차,중형,1,1,4,0,2
연천군,2016,2016-05-20 10시,주간,금요일,차대사람,횡단중,안전운전 의무 불이행,단일로,기타단일로,화물차,소형,보행자,보행자,1,0,1,0,0
고양시,2016,2016-05-20 07시,주간,금요일,차량단독,공작물충돌,안전운전 의무 불이행,단일로,기타단일로,승용차,중형,없음,없음,1,0,1,0,0
안산시,2016,2016-05-20 05시,야간,금요일,차량단독,기타,안전운전 의무 불이행,단일로,기타단일로,승합차,대형,없음,없음,1,0,1,0,0
안산시,2016,2016-05-19 21시,야간,목요일,차대차,진행중 추돌,신호위반,교차로,교차로내,승용차,중형,이륜차,소형,1,0,7,0,6
화성시,2016,2016-05-19 15시,주간,목요일,차대차,진행중 추돌,안전운전 의무 불이행,단일로,기타단일로,화물차,중형,화물차,소형,1,1,2,0,0
성남시,2016,2016-05-18 11시,주간,수요일,차대차,기타,안전운전 의무 불이행,단일로,기타단일로,화물차,대형,화물차,대형,1,0,1,0,0
화성시,2016,2016-05-18 10시,주간,수요일,차대사람,차도통행중,안전운전 의무 불이행,단일로,기타단일로,특수차,중형,보행자,보행자,1,0,1,0,0
안산시,2016,2016-05-18 01시,야간,수요일,차대사람,횡단중,안전운전 의무 불이행,단일로,기타단일로,승용차,중형,보행자,보행자,1,0,2,0,1
이천시,2016,2016-05-17 20시,야간,화요일,차대사람,횡단중,안전운전 의무 불이행,단일로,기타단일로,화물차,경형,보행자,보행자,1,0,1,0,0
안산시,2016,2016-05-17 14시,주간,화요일,차대사람,횡단중,안전운전 의무 불이행,단일로,기타단일로,승용차,중형,보행자,보행자,1,0,1,0,0
안양시,2016,2016-05-17 11시,주간,화요일,차대차,진행중 추돌,안전운전 의무 불이행,단일로,기타단일로,화물차,소형,이륜차,소형,1,0,1,0,0
안성시,2016,2016-05-16 21시,야간,월요일,차대차,측면충돌,안전운전 의무 불이행,교차로,교차로내,자전거,자전거,승용차,경형,1,0,1,0,0
이천시,2016,2016-05-16 10시,주간,월요일,차대차,측면충돌,안전운전 의무 불이행,단일로,기타단일로,이륜차,소형,화물차,소형,1,0,1,0,0
안산시,2016,2016-05-16 04시,야간,월요일,차대차,진행중 추돌,안전운전 의무 불이행,단일로,기타단일로,승용차,소형,화물차,대형,1,0,1,0,0
가평군,2016,2016-05-15 22시,야간,일요일,차량단독,기타,안전운전 의무 불이행,단일로,기타단일로,승용차,대형,없음,없음,1,0,1,0,0
수원시,2016,2016-05-15 19시,야간,일요일,차대차,기타,과속,교차로,교차로부근,승용차,중형,이륜차,중형,1,0,1,0,0
고양시,2016,2016-05-15 04시,야간,일요일,차량단독,전도전복,안전운전 의무 불이행,단일로,횡단보도상,이륜차,소형,없음,없음,1,0,1,0,0
부천시,2016,2016-05-14 20시,야간,토요일,차대사람,횡단중,과속,교차로,교차로부근,원동기장치자전거,원동기장치자전거,보행자,보행자,1,0,2,0,1
용인시,2016,2016-05-13 09시,주간,금요일,차대차,측면충돌,교차로 통행방법 위반,교차로,교차로내,이륜차,소형,화물차,대형,1,0,1,0,0
여주시,2016,2016-05-13 09시,주간,금요일,차량단독,전도전복,기타(운전자법규위반),교차로,교차로부근,화물차,소형,없음,없음,1,0,1,0,0
수원시,2016,2016-05-12 21시,야간,목요일,차대사람,기타,보행자 보호의무 위반,단일로,기타단일로,승용차,중형,보행자,보행자,1,0,1,0,0
평택시,2016,2016-05-12 19시,야간,목요일,차량단독,전도전복,안전운전 의무 불이행,교차로,교차로내,화물차,소형,없음,없음,1,0,1,0,0
화성시,2016,2016-05-12 03시,야간,목요일,차량단독,전도전복,안전운전 의무 불이행,단일로,기타단일로,승용차,대형,없음,없음,1,0,1,0,0
광명시,2016,2016-05-11 13시,주간,수요일,차대사람,횡단중,안전운전 의무 불이행,단일로,기타단일로,승합차,경형,보행자,보행자,1,0,1,0,0
화성시,2016,2016-05-11 06시,주간,수요일,차량단독,공작물충돌,안전운전 의무 불이행,단일로,기타단일로,승용차,중형,없음,없음,1,0,1,0,0
파주시,2016,2016-05-10 22시,야간,화요일,차량단독,도로이탈 기타,안전운전 의무 불이행,단일로,기타단일로,원동기장치자전거,원동기장치자전거,없음,없음,1,1,2,0,0
평택시,2016,2016-05-10 13시,주간,화요일,차대사람,횡단중,안전운전 의무 불이행,단일로,횡단보도상,승용차,경형,보행자,보행자,1,0,1,0,0
양주시,2016,2016-05-10 07시,주간,화요일,차대차,측면충돌,중앙선 침범,교차로,교차로부근,화물차,소형,화물차,경형,1,0,1,0,0
용인시,2016,2016-05-09 13시,주간,월요일,차대차,진행중 추돌,안전운전 의무 불이행,교차로,교차로부근,화물차,중형,화물차,중형,1,0,3,0,2
남양주시,2016,2016-05-09 12시,주간,월요일,차대사람,횡단중,과속,기타/불명,기타/불명,화물차,소형,보행자,보행자,1,0,1,0,0
부천시,2016,2016-05-09 08시,주간,월요일,차대사람,횡단중,안전운전 의무 불이행,교차로,교차로부근,화물차,중형,보행자,보행자,1,0,1,0,0
평택시,2016,2016-05-08 15시,주간,일요일,차대차,진행중 추돌,안전운전 의무 불이행,단일로,기타단일로,승용차,대형,승합차,중형,1,1,4,1,1
가평군,2016,2016-05-08 15시,주간,일요일,차량단독,기타,안전운전 의무 불이행,단일로,기타단일로,이륜차,사발이,없음,없음,1,0,1,0,0
오산시,2016,2016-05-07 02시,야간,토요일,차대차,측면충돌,신호위반,교차로,교차로내,승용차,소형,원동기장치자전거,원동기장치자전거,1,0,1,0,0
남양주시,2016,2016-05-07 00시,야간,토요일,차대차,정면충돌,신호위반,교차로,교차로내,이륜차,소형,승합차,대형,1,0,3,0,2
부천시,2016,2016-05-05 17시,주간,목요일,차대차,측면충돌,안전운전 의무 불이행,교차로,교차로내,승용차,중형,자전거,자전거,1,0,1,0,0
성남시,2016,2016-05-04 17시,주간,수요일,차량단독,전도전복,안전운전 의무 불이행,단일로,기타단일로,원동기장치자전거,원동기장치자전거,없음,없음,1,0,1,0,0
김포시,2016,2016-05-04 11시,주간,수요일,차대사람,횡단중,안전운전 의무 불이행,교차로,교차로내,이륜차,소형,보행자,보행자,1,1,2,0,0
고양시,2016,2016-05-04 01시,야간,수요일,차대사람,횡단중,보행자 보호의무 위반,단일로,횡단보도상,승용차,소형,보행자,보행자,1,0,1,0,0
의정부시,2016,2016-05-02 12시,주간,월요일,차대사람,기타,안전운전 의무 불이행,교차로,교차로내,승용차,중형,보행자,보행자,1,0,1,0,0
시흥시,2016,2016-05-01 16시,주간,일요일,차량단독,공작물충돌,안전운전 의무 불이행,단일로,기타단일로,이륜차,소형,없음,없음,1,0,1,0,0
고양시,2016,2016-05-01 02시,야간,일요일,차대사람,기타,안전운전 의무 불이행,단일로,기타단일로,승용차,중형,보행자,보행자,1,0,1,0,0
군포시,2016,2016-04-30 23시,야간,토요일,차대차,기타,부당한 회전,단일로,기타단일로,승합차,대형,이륜차,소형,1,0,1,0,0
화성시,2016,2016-04-30 22시,야간,토요일,차대차,측면충돌,안전운전 의무 불이행,단일로,기타단일로,원동기장치자전거,원동기장치자전거,화물차,중형,1,0,1,0,0
김포시,2016,2016-04-30 10시,주간,토요일,차량단독,전도전복,안전운전 의무 불이행,단일로,기타단일로,승용차,경형,없음,없음,1,0,1,0,0
수원시,2016,2016-04-30 05시,야간,토요일,차대차,기타,신호위반,교차로,교차로내,승용차,소형,승용차,소형,1,0,1,0,0
양평군,2016,2016-04-30 04시,야간,토요일,차량단독,전도전복,안전운전 의무 불이행,단일로,기타단일로,화물차,소형,없음,없음,1,2,5,0,2
안산시,2016,2016-04-29 19시,야간,금요일,차대사람,횡단중,신호위반,교차로,교차로내,승용차,경형,보행자,보행자,1,0,1,0,0
평택시,2016,2016-04-28 07시,주간,목요일,차대차,기타,안전운전 의무 불이행,교차로,교차로내,승용차,소형,승용차,소형,1,0,2,0,1
의정부시,2016,2016-04-28 04시,야간,목요일,차대차,진행중 추돌,안전운전 의무 불이행,단일로,교량위,이륜차,소형,건설기계,건설기계,1,0,1,0,0
시흥시,2016,2016-04-28 03시,야간,목요일,차대차,정면충돌,신호위반,교차로,교차로내,승용차,중형,승용차,중형,1,2,3,0,0
고양시,2016,2016-04-27 20시,야간,수요일,차대사람,횡단중,과속,교차로,교차로부근,승용차,중형,보행자,보행자,2,0,3,0,1
수원시,2016,2016-04-27 20시,야간,수요일,차대사람,횡단중,안전운전 의무 불이행,단일로,기타단일로,승용차,중형,보행자,보행자,1,0,1,0,0
고양시,2016,2016-04-27 19시,야간,수요일,차대사람,횡단중,안전운전 의무 불이행,단일로,기타단일로,화물차,중형,보행자,보행자,1,0,1,0,0
동두천시,2016,2016-04-27 11시,주간,수요일,차대사람,기타,안전운전 의무 불이행,교차로,교차로내,화물차,중형,보행자,보행자,1,0,4,0,3
포천시,2016,2016-04-27 00시,야간,수요일,차대사람,기타,안전운전 의무 불이행,단일로,기타단일로,승용차,중형,보행자,보행자,1,0,1,0,0
시흥시,2016,2016-04-26 16시,주간,화요일,차대차,측면충돌,직진 및 우회전차의 통행방해,교차로,교차로내,화물차,소형,건설기계,건설기계,1,1,2,0,0
안양시,2016,2016-04-25 23시,야간,월요일,차대사람,횡단중,안전운전 의무 불이행,단일로,기타단일로,승용차,경형,보행자,보행자,1,0,1,0,0
시흥시,2016,2016-04-24 19시,야간,일요일,차량단독,공작물충돌,안전운전 의무 불이행,단일로,기타단일로,이륜차,소형,없음,없음,1,0,1,0,0
부천시,2016,2016-04-24 01시,야간,일요일,차대사람,횡단중,안전운전 의무 불이행,교차로,교차로부근,승용차,중형,보행자,보행자,1,0,1,0,0
가평군,2016,2016-04-23 07시,주간,토요일,차대차,진행중 추돌,안전운전 의무 불이행,단일로,터널안,승용차,중형,건설기계,건설기계,1,0,1,0,0
고양시,2016,2016-04-22 12시,주간,금요일,차대차,진행중 추돌,안전운전 의무 불이행,단일로,기타단일로,화물차,소형,화물차,소형,1,0,2,0,1
화성시,2016,2016-04-22 06시,주간,금요일,차량단독,전도전복,안전운전 의무 불이행,단일로,기타단일로,이륜차,소형,없음,없음,1,0,1,0,0
광주시,2016,2016-04-21 19시,야간,목요일,차대사람,횡단중,보행자 보호의무 위반,단일로,횡단보도상,승합차,소형,보행자,보행자,1,0,1,0,0
포천시,2016,2016-04-21 13시,주간,목요일,차대차,정면충돌,중앙선 침범,단일로,기타단일로,승용차,경형,화물차,대형,1,1,2,0,0
광주시,2016,2016-04-20 13시,주간,수요일,차대사람,횡단중,보행자 보호의무 위반,단일로,횡단보도상,승용차,대형,보행자,보행자,1,0,1,0,0
용인시,2016,2016-04-20 04시,야간,수요일,차대사람,횡단중,안전운전 의무 불이행,교차로,교차로부근,승용차,경형,보행자,보행자,1,0,1,0,0
포천시,2016,2016-04-19 01시,야간,화요일,차대차,진행중 추돌,안전운전 의무 불이행,단일로,기타단일로,승용차,중형,화물차,중형,2,2,5,0,1
하남시,2016,2016-04-18 15시,주간,월요일,차대차,정면충돌,중앙선 침범,단일로,기타단일로,화물차,소형,화물차,소형,1,1,2,0,0
여주시,2016,2016-04-18 08시,주간,월요일,차대차,측면충돌,과속,교차로,교차로내,화물차,중형,자전거,자전거,1,0,1,0,0
용인시,2016,2016-04-17 20시,야간,일요일,차대사람,기타,안전운전 의무 불이행,단일로,기타단일로,승합차,대형,보행자,보행자,1,0,1,0,0
성남시,2016,2016-04-17 06시,주간,일요일,차대차,진행중 추돌,과속,교차로,교차로부근,승용차,중형,승용차,경형,1,0,2,0,1
광주시,2016,2016-04-17 05시,야간,일요일,차대사람,횡단중,보행자 보호의무 위반,단일로,횡단보도상,화물차,소형,보행자,보행자,1,0,1,0,0
남양주시,2016,2016-04-17 01시,야간,일요일,차대차,정면충돌,중앙선 침범,기타/불명,기타/불명,승용차,중형,승용차,경형,1,2,3,0,0
파주시,2016,2016-04-16 22시,야간,토요일,차량단독,전도전복,안전운전 의무 불이행,단일로,기타단일로,원동기장치자전거,원동기장치자전거,없음,없음,1,0,1,0,0
고양시,2016,2016-04-16 19시,야간,토요일,차대차,진행중 추돌,안전운전 의무 불이행,단일로,기타단일로,화물차,소형,화물차,소형,1,0,3,0,2
포천시,2016,2016-04-15 13시,주간,금요일,차대차,진행중 추돌,과속,단일로,기타단일로,화물차,소형,이륜차,소형,1,0,1,0,0
광주시,2016,2016-04-15 08시,주간,금요일,차대사람,횡단중,보행자 보호의무 위반,교차로,교차로내,승용차,중형,보행자,보행자,1,0,1,0,0
성남시,2016,2016-04-15 04시,야간,금요일,차량단독,공작물충돌,안전운전 의무 불이행,단일로,기타단일로,이륜차,소형,없음,없음,1,0,1,0,0
부천시,2016,2016-04-14 16시,주간,목요일,차량단독,공작물충돌,안전운전 의무 불이행,단일로,기타단일로,자전거,자전거,없음,없음,1,0,1,0,0
용인시,2016,2016-04-14 16시,주간,목요일,차대사람,횡단중,보행자 보호의무 위반,교차로,교차로부근,승용차,경형,보행자,보행자,1,0,1,0,0
광명시,2016,2016-04-14 10시,주간,목요일,차대사람,길가장자리구역통행중,안전운전 의무 불이행,단일로,기타단일로,화물차,소형,보행자,보행자,1,0,1,0,0
안양시,2016,2016-04-14 00시,야간,목요일,차대사람,횡단중,안전운전 의무 불이행,단일로,기타단일로,승용차,중형,보행자,보행자,1,0,1,0,0
파주시,2016,2016-04-13 15시,주간,수요일,차대차,정면충돌,신호위반,교차로,교차로내,승합차,대형,원동기장치자전거,원동기장치자전거,1,0,1,0,0
포천시,2016,2016-04-13 14시,주간,수요일,차대차,정면충돌,중앙선 침범,단일로,기타단일로,이륜차,소형,승용차,경형,1,0,1,0,0
성남시,2016,2016-04-13 05시,야간,수요일,차대차,기타,안전운전 의무 불이행,교차로,교차로내,승용차,소형,자전거,자전거,1,0,1,0,0
용인시,2016,2016-04-12 18시,야간,화요일,차량단독,전도전복,안전운전 의무 불이행,단일로,기타단일로,이륜차,소형,없음,없음,1,0,1,0,0
시흥시,2016,2016-04-12 05시,야간,화요일,차대사람,기타,과속,단일로,기타단일로,화물차,소형,보행자,보행자,1,2,5,1,1
수원시,2016,2016-04-11 20시,야간,월요일,차대차,기타,안전운전 의무 불이행,단일로,기타단일로,승용차,경형,자전거,자전거,1,0,1,0,0
안양시,2016,2016-04-11 19시,야간,월요일,차대차,진행중 추돌,중앙선 침범,단일로,교량위,승용차,대형,자전거,자전거,1,0,1,0,0
남양주시,2016,2016-04-11 18시,야간,월요일,차대차,정면충돌,신호위반,교차로,교차로내,화물차,소형,이륜차,소형,1,0,1,0,0
용인시,2016,2016-04-11 05시,야간,월요일,차대사람,횡단중,안전운전 의무 불이행,교차로,교차로내,승용차,중형,보행자,보행자,1,0,1,0,0
용인시,2016,2016-04-11 04시,야간,월요일,차대차,정면충돌,안전운전 의무 불이행,교차로,교차로부근,승용차,경형,건설기계,건설기계,1,0,1,0,0
의정부시,2016,2016-04-11 04시,야간,월요일,차대사람,횡단중,보행자 보호의무 위반,단일로,기타단일로,승용차,경형,보행자,보행자,1,0,1,0,0
용인시,2016,2016-04-11 02시,야간,월요일,차량단독,공작물충돌,안전운전 의무 불이행,교차로,교차로부근,승용차,중형,없음,없음,1,0,1,0,0
광주시,2016,2016-04-10 01시,야간,일요일,차대차,진행중 추돌,안전운전 의무 불이행,단일로,기타단일로,승용차,대형,승용차,경형,1,0,1,0,0
안성시,2016,2016-04-09 10시,주간,토요일,차량단독,전도전복,안전운전 의무 불이행,기타/불명,기타/불명,승용차,중형,없음,없음,1,0,1,0,0
성남시,2016,2016-04-08 01시,야간,금요일,차량단독,공작물충돌,안전운전 의무 불이행,단일로,기타단일로,승합차,소형,없음,없음,1,0,1,0,0
평택시,2016,2016-04-07 21시,야간,목요일,차대사람,기타,안전운전 의무 불이행,단일로,기타단일로,승용차,중형,보행자,보행자,1,0,1,0,0
수원시,2016,2016-04-07 19시,야간,목요일,차대사람,차도통행중,안전운전 의무 불이행,단일로,기타단일로,승용차,대형,보행자,보행자,1,0,1,0,0
성남시,2016,2016-04-07 19시,야간,목요일,차대차,측면충돌,신호위반,교차로,교차로부근,이륜차,소형,승용차,경형,1,0,1,0,0
포천시,2016,2016-04-07 14시,주간,목요일,차대차,기타,기타(운전자법규위반),단일로,기타단일로,화물차,중형,화물차,대형,1,0,1,0,0
이천시,2016,2016-04-07 08시,주간,목요일,차대차,정면충돌,안전운전 의무 불이행,교차로,교차로내,승용차,경형,화물차,소형,1,0,2,0,1
화성시,2016,2016-04-06 18시,야간,수요일,차대차,측면충돌,안전운전 의무 불이행,단일로,기타단일로,화물차,소형,원동기장치자전거,원동기장치자전거,1,0,1,0,0
양평군,2016,2016-04-06 13시,주간,수요일,차대차,기타,안전운전 의무 불이행,단일로,기타단일로,승용차,경형,이륜차,소형,1,0,1,0,0
남양주시,2016,2016-04-05 20시,야간,화요일,차대차,진행중 추돌,안전운전 의무 불이행,단일로,기타단일로,승용차,중형,건설기계,건설기계,1,0,2,0,1
광명시,2016,2016-04-05 18시,야간,화요일,차대차,측면충돌,안전운전 의무 불이행,교차로,교차로내,특수차,경형,이륜차,소형,1,0,1,0,0
성남시,2016,2016-04-05 02시,야간,화요일,차대차,측면충돌,신호위반,교차로,교차로내,자전거,자전거,승용차,경형,1,0,1,0,0
여주시,2016,2016-04-04 09시,주간,월요일,차대사람,횡단중,안전운전 의무 불이행,교차로,교차로부근,화물차,중형,보행자,보행자,1,0,1,0,0
안산시,2016,2016-04-04 01시,야간,월요일,차대차,진행중 추돌,과속,단일로,기타단일로,승용차,대형,원동기장치자전거,원동기장치자전거,1,0,1,0,0
연천군,2016,2016-04-03 11시,주간,일요일,차량단독,공작물충돌,안전운전 의무 불이행,단일로,기타단일로,승용차,중형,없음,없음,1,1,2,0,0
안성시,2016,2016-04-02 22시,야간,토요일,차대사람,기타,안전운전 의무 불이행,단일로,기타단일로,화물차,소형,보행자,보행자,1,0,1,0,0
남양주시,2016,2016-04-02 15시,주간,토요일,차대차,진행중 추돌,안전운전 의무 불이행,단일로,기타단일로,화물차,소형,화물차,소형,1,4,5,0,0
평택시,2016,2016-04-01 22시,야간,금요일,차대차,진행중 추돌,안전운전 의무 불이행,교차로,교차로부근,원동기장치자전거,원동기장치자전거,화물차,소형,1,0,1,0,0
양주시,2016,2016-04-01 19시,야간,금요일,차대사람,횡단중,과속,단일로,횡단보도부근,승용차,소형,보행자,보행자,1,0,1,0,0
동두천시,2016,2016-04-01 04시,야간,금요일,차대사람,기타,안전운전 의무 불이행,단일로,기타단일로,화물차,중형,보행자,보행자,1,0,1,0,0
안산시,2016,2016-04-01 03시,야간,금요일,차대사람,횡단중,안전운전 의무 불이행,교차로,교차로내,화물차,소형,보행자,보행자,1,0,1,0,0
안산시,2016,2016-04-01 00시,야간,금요일,차대사람,횡단중,과속,단일로,기타단일로,승용차,소형,보행자,보행자,1,0,1,0,0
성남시,2016,2016-03-31 19시,야간,목요일,차대차,정면충돌,안전운전 의무 불이행,단일로,기타단일로,승용차,경형,승용차,경형,1,0,2,0,1
광명시,2016,2016-03-30 03시,야간,수요일,차량단독,전도전복,안전운전 의무 불이행,단일로,기타단일로,이륜차,소형,없음,없음,1,0,1,0,0
의정부시,2016,2016-03-29 22시,야간,화요일,차대사람,횡단중,안전운전 의무 불이행,단일로,횡단보도상,승용차,중형,보행자,보행자,1,0,1,0,0
안산시,2016,2016-03-28 20시,야간,월요일,차대차,측면충돌,부당한 회전,교차로,교차로내,자전거,자전거,승용차,중형,1,0,1,0,0
성남시,2016,2016-03-28 11시,주간,월요일,차대차,진행중 추돌,안전운전 의무 불이행,단일로,기타단일로,화물차,소형,화물차,중형,1,0,4,0,3
남양주시,2016,2016-03-28 10시,주간,월요일,차대사람,차도통행중,안전운전 의무 불이행,교차로,교차로내,승용차,대형,보행자,보행자,1,0,1,0,0
화성시,2016,2016-03-26 12시,주간,토요일,차대차,진행중 추돌,안전운전 의무 불이행,단일로,기타단일로,승용차,중형,이륜차,대형,1,0,1,0,0
파주시,2016,2016-03-25 09시,주간,금요일,차대차,진행중 추돌,신호위반,교차로,교차로내,승용차,경형,승합차,경형,1,0,2,0,1
안산시,2016,2016-03-25 08시,주간,금요일,차대차,측면충돌,신호위반,교차로,교차로내,승용차,대형,이륜차,소형,1,0,1,0,0