시군명,발생년도,발생일자,주야구분명,사고요일,사고유형_대분류,사고유형,법규위반내용,도로형태_대분류,도로형태,당사자1_대분류,당사자1_차종,당사자2_대분류,당사자2_차종,사망자수,중상자수,부상자수,부상신고자수,경상자수
용인시,2015,2015-10-16 15시,주간,금요일,차대차,기타,안전운전 의무 불이행,단일로,기타단일로,화물차,소형,승합차,대형,1,1,3,0,1
김포시,2015,2015-10-16 10시,주간,금요일,차대사람,횡단중,안전운전 의무 불이행,단일로,기타단일로,특수차,중형,보행자,보행자,1,0,1,0,0
구리시,2015,2015-10-15 20시,야간,목요일,차량단독,기타,안전운전 의무 불이행,단일로,기타단일로,이륜차,소형,없음,없음,1,0,1,0,0
양주시,2015,2015-10-14 18시,야간,수요일,차대사람,기타,안전운전 의무 불이행,교차로,교차로내,화물차,소형,보행자,보행자,1,0,1,0,0
포천시,2015,2015-10-14 17시,주간,수요일,차대사람,횡단중,보행자 보호의무 위반,단일로,횡단보도상,화물차,소형,보행자,보행자,1,0,1,0,0
파주시,2015,2015-10-14 13시,주간,수요일,차대차,측면충돌,안전운전 의무 불이행,교차로,교차로내,이륜차,소형,화물차,중형,1,0,2,0,1
수원시,2015,2015-10-14 05시,야간,수요일,차대사람,횡단중,안전운전 의무 불이행,교차로,교차로내,화물차,중형,보행자,보행자,1,0,1,0,0
용인시,2015,2015-10-14 03시,야간,수요일,차대차,진행중 추돌,안전운전 의무 불이행,단일로,기타단일로,승용차,중형,화물차,대형,1,0,2,0,1
여주시,2015,2015-10-14 00시,야간,수요일,차대사람,횡단중,안전운전 의무 불이행,교차로,교차로부근,승용차,소형,보행자,보행자,1,0,1,0,0
안산시,2015,2015-10-13 16시,주간,화요일,차대차,정면충돌,중앙선 침범,단일로,기타단일로,승용차,경형,화물차,중형,2,1,3,0,0
부천시,2015,2015-10-13 15시,주간,화요일,차대차,측면충돌,신호위반,교차로,교차로내,화물차,소형,이륜차,소형,1,0,1,0,0
양주시,2015,2015-10-13 13시,주간,화요일,차대차,진행중 추돌,중앙선 침범,단일로,기타단일로,승용차,소형,화물차,중형,1,0,1,0,0
양평군,2015,2015-10-13 10시,주간,화요일,차량단독,공작물충돌,안전운전 의무 불이행,단일로,기타단일로,승용차,소형,없음,없음,1,0,1,0,0
평택시,2015,2015-10-12 23시,야간,월요일,차대차,기타,안전운전 의무 불이행,교차로,교차로부근,승용차,중형,승용차,중형,1,1,3,0,1
화성시,2015,2015-10-12 12시,주간,월요일,차대사람,횡단중,안전운전 의무 불이행,교차로,교차로부근,화물차,중형,보행자,보행자,1,0,1,0,0
양주시,2015,2015-10-12 10시,주간,월요일,차대차,진행중 추돌,안전운전 의무 불이행,단일로,기타단일로,승용차,중형,화물차,대형,1,0,3,0,2
안산시,2015,2015-10-12 03시,야간,월요일,차대차,진행중 추돌,안전운전 의무 불이행,교차로,교차로부근,승용차,중형,승용차,중형,1,0,3,0,2
용인시,2015,2015-10-11 21시,야간,일요일,차량단독,공작물충돌,중앙선 침범,단일로,기타단일로,승용차,중형,없음,없음,1,0,1,0,0
포천시,2015,2015-10-11 20시,야간,일요일,차대사람,횡단중,안전운전 의무 불이행,단일로,기타단일로,승용차,중형,보행자,보행자,1,0,1,0,0
가평군,2015,2015-10-11 16시,주간,일요일,차대차,기타,안전운전 의무 불이행,교차로,교차로내,승용차,중형,승용차,대형,1,1,2,0,0
고양시,2015,2015-10-11 06시,주간,일요일,차대사람,횡단중,안전운전 의무 불이행,단일로,기타단일로,승용차,중형,보행자,보행자,1,0,1,0,0
고양시,2015,2015-10-10 23시,야간,토요일,차대사람,횡단중,안전운전 의무 불이행,교차로,교차로부근,화물차,소형,보행자,보행자,1,0,1,0,0
평택시,2015,2015-10-10 12시,주간,토요일,차대차,기타,중앙선 침범,단일로,기타단일로,승용차,중형,승용차,경형,1,1,2,0,0
하남시,2015,2015-10-09 21시,야간,금요일,차대차,측면충돌,신호위반,교차로,교차로내,승용차,중형,이륜차,중형,1,0,1,0,0
안산시,2015,2015-10-09 16시,주간,금요일,차대차,측면충돌,부당한 회전,교차로,교차로부근,자전거,자전거,승용차,소형,1,0,2,0,1
고양시,2015,2015-10-09 07시,주간,금요일,차대사람,길가장자리구역통행중,안전운전 의무 불이행,기타/불명,기타/불명,승용차,소형,보행자,보행자,1,0,1,0,0
용인시,2015,2015-10-08 00시,야간,목요일,차량단독,공작물충돌,안전운전 의무 불이행,단일로,기타단일로,이륜차,중형,없음,없음,1,0,1,0,0
의정부시,2015,2015-10-07 18시,야간,수요일,차대차,기타,신호위반,교차로,교차로내,이륜차,소형,화물차,소형,1,0,1,0,0
남양주시,2015,2015-10-06 12시,주간,화요일,차대차,기타,안전운전 의무 불이행,단일로,기타단일로,원동기장치자전거,원동기장치자전거,승용차,소형,1,0,3,0,2
고양시,2015,2015-10-05 07시,주간,월요일,차대사람,횡단중,신호위반,기타/불명,기타/불명,승용차,중형,보행자,보행자,1,0,1,0,0
포천시,2015,2015-10-04 19시,야간,일요일,차대사람,차도통행중,안전운전 의무 불이행,단일로,기타단일로,승용차,대형,보행자,보행자,1,0,1,0,0
평택시,2015,2015-10-04 16시,주간,일요일,차량단독,공작물충돌,안전운전 의무 불이행,단일로,기타단일로,농기계,농기계,없음,없음,1,0,1,0,0
가평군,2015,2015-10-04 11시,주간,일요일,차대차,정면충돌,중앙선 침범,단일로,기타단일로,이륜차,중형,이륜차,대형,1,1,4,0,2
양평군,2015,2015-10-03 18시,야간,토요일,차대차,진행중 추돌,안전거리 미확보,단일로,기타단일로,승용차,중형,건설기계,건설기계,1,0,1,0,0
이천시,2015,2015-10-03 17시,주간,토요일,차대차,측면충돌,안전운전 의무 불이행,단일로,기타단일로,승용차,중형,승용차,소형,1,0,5,0,4
남양주시,2015,2015-10-02 15시,주간,금요일,차대차,진행중 추돌,신호위반,교차로,교차로내,화물차,소형,화물차,소형,1,1,3,0,1
양평군,2015,2015-10-02 00시,야간,금요일,차대사람,기타,안전운전 의무 불이행,단일로,기타단일로,화물차,중형,보행자,보행자,1,0,1,0,0
의정부시,2015,2015-09-30 09시,주간,수요일,차대사람,기타,안전운전 의무 불이행,기타/불명,기타/불명,승용차,대형,보행자,보행자,1,0,1,0,0
수원시,2015,2015-09-29 20시,야간,화요일,차대차,기타,과속,교차로,교차로내,승용차,중형,자전거,자전거,1,0,1,0,0
용인시,2015,2015-09-29 15시,주간,화요일,차량단독,공작물충돌,안전운전 의무 불이행,단일로,기타단일로,원동기장치자전거,원동기장치자전거,없음,없음,1,0,1,0,0
용인시,2015,2015-09-28 22시,야간,월요일,차대사람,기타,안전운전 의무 불이행,교차로,교차로부근,승용차,소형,보행자,보행자,1,0,1,0,0
수원시,2015,2015-09-27 06시,주간,일요일,차대차,기타,안전운전 의무 불이행,단일로,기타단일로,승용차,중형,승용차,중형,1,0,1,0,0
수원시,2015,2015-09-27 05시,야간,일요일,차대사람,횡단중,안전운전 의무 불이행,단일로,기타단일로,승합차,대형,보행자,보행자,1,0,1,0,0
양평군,2015,2015-09-26 11시,주간,토요일,차대차,기타,안전운전 의무 불이행,교차로,교차로내,농기계,농기계,승용차,중형,1,0,1,0,0
안산시,2015,2015-09-25 09시,주간,금요일,차대사람,기타,안전운전 의무 불이행,교차로,교차로내,승용차,중형,보행자,보행자,1,0,1,0,0
안성시,2015,2015-09-24 06시,주간,목요일,차대차,진행중 추돌,안전운전 의무 불이행,단일로,기타단일로,화물차,소형,화물차,대형,1,1,2,0,0
이천시,2015,2015-09-23 19시,야간,수요일,차대차,측면충돌,신호위반,교차로,교차로내,이륜차,소형,화물차,중형,1,0,1,0,0
양주시,2015,2015-09-23 14시,주간,수요일,차량단독,공작물충돌,안전운전 의무 불이행,단일로,기타단일로,자전거,자전거,없음,없음,1,0,1,0,0
오산시,2015,2015-09-22 22시,야간,화요일,차대차,기타,안전운전 의무 불이행,단일로,기타단일로,승용차,경형,승용차,중형,1,0,1,0,0
고양시,2015,2015-09-22 12시,주간,화요일,차대차,측면충돌,안전운전 의무 불이행,단일로,기타단일로,승용차,중형,자전거,자전거,1,0,1,0,0
양평군,2015,2015-09-22 10시,주간,화요일,차대차,측면충돌,안전운전 의무 불이행,교차로,교차로내,이륜차,사발이,승용차,소형,1,0,2,0,1
고양시,2015,2015-09-22 09시,주간,화요일,차대차,진행중 추돌,안전운전 의무 불이행,단일로,기타단일로,승용차,중형,승용차,소형,1,1,2,0,0
화성시,2015,2015-09-21 05시,야간,월요일,차량단독,공작물충돌,안전운전 의무 불이행,단일로,기타단일로,화물차,중형,없음,없음,1,0,1,0,0
고양시,2015,2015-09-21 01시,야간,월요일,차량단독,공작물충돌,안전운전 의무 불이행,교차로,교차로내,승용차,중형,없음,없음,1,0,1,0,0
하남시,2015,2015-09-21 00시,야간,월요일,차대차,측면충돌,신호위반,교차로,교차로내,원동기장치자전거,원동기장치자전거,승합차,소형,1,0,1,0,0
이천시,2015,2015-09-20 10시,주간,일요일,차대사람,기타,안전운전 의무 불이행,단일로,기타단일로,승용차,중형,보행자,보행자,1,0,1,0,0
평택시,2015,2015-09-19 20시,야간,토요일,차대사람,횡단중,안전운전 의무 불이행,단일로,기타단일로,승용차,소형,보행자,보행자,1,0,1,0,0
양평군,2015,2015-09-19 17시,주간,토요일,차대사람,기타,안전운전 의무 불이행,단일로,기타단일로,화물차,대형,보행자,보행자,1,1,2,0,0
가평군,2015,2015-09-19 16시,주간,토요일,차대사람,기타,안전운전 의무 불이행,단일로,기타단일로,건설기계,건설기계,보행자,보행자,1,0,1,0,0
광명시,2015,2015-09-19 13시,주간,토요일,차대차,주정차중 추돌,중앙선 침범,단일로,기타단일로,승용차,중형,이륜차,중형,1,0,1,0,0
파주시,2015,2015-09-19 03시,야간,토요일,차대차,주정차중 추돌,안전운전 의무 불이행,교차로,교차로부근,승용차,중형,화물차,대형,1,0,3,0,2
고양시,2015,2015-09-18 19시,야간,금요일,차대사람,횡단중,기타(운전자법규위반),단일로,횡단보도상,승합차,대형,보행자,보행자,1,0,1,0,0
부천시,2015,2015-09-18 04시,야간,금요일,차대차,측면충돌,안전운전 의무 불이행,교차로,교차로부근,화물차,소형,자전거,자전거,1,0,1,0,0
고양시,2015,2015-09-16 10시,주간,수요일,차대차,기타,신호위반,교차로,교차로내,이륜차,사발이,승용차,중형,1,0,1,0,0
광주시,2015,2015-09-16 01시,야간,수요일,차대차,진행중 추돌,안전운전 의무 불이행,단일로,기타단일로,화물차,소형,화물차,대형,1,1,2,0,0
고양시,2015,2015-09-15 19시,야간,화요일,차량단독,공작물충돌,안전운전 의무 불이행,단일로,기타단일로,승용차,소형,없음,없음,1,0,1,0,0
이천시,2015,2015-09-15 08시,주간,화요일,차대차,측면충돌,과속,교차로,교차로내,승용차,중형,농기계,농기계,1,1,2,0,0
고양시,2015,2015-09-15 07시,주간,화요일,차대차,기타,안전거리 미확보,단일로,기타단일로,승합차,경형,화물차,소형,1,0,1,0,0
파주시,2015,2015-09-15 02시,야간,화요일,차량단독,공작물충돌,안전운전 의무 불이행,교차로,교차로내,승용차,중형,없음,없음,1,2,3,0,0
평택시,2015,2015-09-14 13시,주간,월요일,차대사람,기타,안전운전 의무 불이행,교차로,교차로부근,승용차,중형,보행자,보행자,1,0,1,0,0
부천시,2015,2015-09-14 12시,주간,월요일,차대차,측면충돌,안전운전 의무 불이행,교차로,교차로내,승용차,중형,원동기장치자전거,원동기장치자전거,1,0,1,0,0
화성시,2015,2015-09-13 18시,야간,일요일,차대사람,횡단중,안전운전 의무 불이행,단일로,기타단일로,이륜차,소형,보행자,보행자,1,0,1,0,0
평택시,2015,2015-09-13 17시,주간,일요일,차대사람,기타,안전운전 의무 불이행,단일로,기타단일로,화물차,소형,보행자,보행자,1,0,1,0,0
안성시,2015,2015-09-13 15시,주간,일요일,차대차,측면충돌,중앙선 침범,단일로,기타단일로,원동기장치자전거,원동기장치자전거,승용차,중형,1,0,2,0,1
평택시,2015,2015-09-13 13시,주간,일요일,차대사람,차도통행중,안전운전 의무 불이행,단일로,기타단일로,화물차,소형,보행자,보행자,1,0,1,0,0
광주시,2015,2015-09-13 06시,주간,일요일,차대차,측면충돌,신호위반,교차로,교차로내,이륜차,중형,승합차,대형,1,0,1,0,0
가평군,2015,2015-09-13 02시,야간,일요일,차량단독,공작물충돌,안전운전 의무 불이행,단일로,기타단일로,이륜차,중형,없음,없음,2,0,2,0,0
동두천시,2015,2015-09-12 22시,야간,토요일,차대사람,횡단중,안전운전 의무 불이행,교차로,교차로부근,승용차,중형,보행자,보행자,1,0,1,0,0
안산시,2015,2015-09-12 12시,주간,토요일,차대차,기타,중앙선 침범,단일로,기타단일로,원동기장치자전거,원동기장치자전거,승용차,대형,1,0,1,0,0
시흥시,2015,2015-09-12 10시,주간,토요일,차대차,주정차중 추돌,안전운전 의무 불이행,단일로,기타단일로,승용차,중형,승용차,소형,1,1,2,0,0
용인시,2015,2015-09-11 22시,야간,금요일,차대차,기타,안전운전 의무 불이행,단일로,기타단일로,승용차,대형,승용차,대형,1,0,1,0,0
하남시,2015,2015-09-11 16시,주간,금요일,차대차,측면충돌,교차로 통행방법 위반,교차로,교차로내,원동기장치자전거,원동기장치자전거,화물차,소형,1,0,1,0,0
안성시,2015,2015-09-11 15시,주간,금요일,차대차,정면충돌,중앙선 침범,단일로,기타단일로,화물차,소형,화물차,소형,1,1,2,0,0
안성시,2015,2015-09-10 13시,주간,목요일,차대차,측면충돌,안전거리 미확보,단일로,기타단일로,자전거,자전거,승용차,대형,1,0,1,0,0
광주시,2015,2015-09-10 10시,주간,목요일,차대차,진행중 추돌,안전운전 의무 불이행,단일로,기타단일로,승용차,대형,자전거,자전거,1,0,1,0,0
화성시,2015,2015-09-10 08시,주간,목요일,차량단독,공작물충돌,안전운전 의무 불이행,교차로,교차로내,승용차,중형,없음,없음,1,0,1,0,0
김포시,2015,2015-09-09 22시,야간,수요일,차대사람,횡단중,안전운전 의무 불이행,단일로,기타단일로,승용차,중형,보행자,보행자,1,0,1,0,0
용인시,2015,2015-09-09 19시,야간,수요일,차대사람,횡단중,신호위반,교차로,교차로내,승용차,중형,보행자,보행자,1,0,1,0,0
화성시,2015,2015-09-09 18시,야간,수요일,차대차,진행중 추돌,안전운전 의무 불이행,교차로,교차로내,자전거,자전거,승용차,중형,1,0,1,0,0
김포시,2015,2015-09-09 10시,주간,수요일,차대차,진행중 추돌,안전운전 의무 불이행,단일로,기타단일로,원동기장치자전거,원동기장치자전거,화물차,대형,1,0,1,0,0
부천시,2015,2015-09-08 06시,주간,화요일,차대사람,차도통행중,안전운전 의무 불이행,교차로,교차로부근,승용차,소형,보행자,보행자,2,0,3,0,1
안양시,2015,2015-09-08 05시,야간,화요일,차대차,측면충돌,신호위반,교차로,교차로내,원동기장치자전거,원동기장치자전거,화물차,소형,1,0,1,0,0
용인시,2015,2015-09-07 13시,주간,월요일,차대차,기타,안전거리 미확보,단일로,기타단일로,화물차,소형,승용차,소형,1,1,4,0,2
포천시,2015,2015-09-07 12시,주간,월요일,차대차,기타,서행 및 일시정지위반,교차로,교차로내,화물차,소형,원동기장치자전거,원동기장치자전거,1,0,1,0,0
양주시,2015,2015-09-06 21시,야간,일요일,차대차,측면충돌,부당한 회전,단일로,기타단일로,승용차,중형,이륜차,중형,1,0,2,0,1
평택시,2015,2015-09-06 16시,주간,일요일,차량단독,공작물충돌,기타(운전자법규위반),단일로,기타단일로,원동기장치자전거,원동기장치자전거,없음,없음,1,0,1,0,0
포천시,2015,2015-09-04 20시,야간,금요일,차대사람,횡단중,안전운전 의무 불이행,교차로,교차로내,승용차,중형,보행자,보행자,1,0,1,0,0
수원시,2015,2015-09-04 20시,야간,금요일,차대차,측면충돌,차로위반(진로변경 위반),단일로,기타단일로,승용차,중형,원동기장치자전거,원동기장치자전거,1,0,1,0,0
부천시,2015,2015-09-04 18시,야간,금요일,차대사람,기타,안전운전 의무 불이행,교차로,교차로내,화물차,소형,보행자,보행자,1,0,1,0,0
연천군,2015,2015-09-04 16시,주간,금요일,차대차,진행중 추돌,안전운전 의무 불이행,단일로,기타단일로,화물차,소형,원동기장치자전거,원동기장치자전거,1,0,1,0,0
안성시,2015,2015-09-04 16시,주간,금요일,차대차,측면충돌,안전거리 미확보,단일로,기타단일로,특수차,소형,승합차,소형,1,0,3,0,2
평택시,2015,2015-09-03 00시,야간,목요일,차량단독,공작물충돌,안전운전 의무 불이행,단일로,기타단일로,화물차,경형,없음,없음,1,0,1,0,0
광주시,2015,2015-08-31 23시,야간,월요일,차량단독,공작물충돌,안전운전 의무 불이행,단일로,기타단일로,승용차,소형,없음,없음,1,0,1,0,0
화성시,2015,2015-08-31 13시,주간,월요일,차대사람,횡단중,안전운전 의무 불이행,교차로,교차로내,건설기계,건설기계,보행자,보행자,1,0,1,0,0
남양주시,2015,2015-08-31 11시,주간,월요일,차대차,진행중 추돌,안전거리 미확보,단일로,터널안,승용차,경형,건설기계,건설기계,2,0,3,0,1
파주시,2015,2015-08-31 03시,야간,월요일,차량단독,공작물충돌,안전운전 의무 불이행,단일로,기타단일로,승용차,대형,없음,없음,1,0,1,0,0
광주시,2015,2015-08-30 10시,주간,일요일,차대차,주정차중 추돌,안전운전 의무 불이행,단일로,기타단일로,이륜차,대형,화물차,소형,1,1,2,0,0
남양주시,2015,2015-08-30 08시,주간,일요일,차대차,진행중 추돌,중앙선 침범,단일로,기타단일로,승용차,중형,승합차,중형,1,1,5,0,3
안산시,2015,2015-08-30 05시,야간,일요일,차대차,기타,신호위반,단일로,횡단보도상,특수차,중형,자전거,자전거,1,0,1,0,0
평택시,2015,2015-08-30 01시,야간,일요일,차량단독,공작물충돌,안전운전 의무 불이행,교차로,교차로내,승용차,중형,없음,없음,1,0,1,0,0
양평군,2015,2015-08-28 18시,야간,금요일,차량단독,공작물충돌,안전운전 의무 불이행,단일로,기타단일로,화물차,소형,없음,없음,1,0,1,0,0
용인시,2015,2015-08-28 17시,주간,금요일,차량단독,공작물충돌,안전운전 의무 불이행,단일로,기타단일로,승용차,대형,없음,없음,1,0,1,0,0
평택시,2015,2015-08-28 15시,주간,금요일,차대사람,횡단중,안전운전 의무 불이행,단일로,횡단보도부근,승용차,중형,보행자,보행자,1,0,1,0,0
안성시,2015,2015-08-28 12시,주간,금요일,차대사람,차도통행중,안전운전 의무 불이행,교차로,교차로내,승용차,중형,보행자,보행자,1,0,1,0,0
김포시,2015,2015-08-28 11시,주간,금요일,차대차,진행중 추돌,안전거리 미확보,단일로,지하차도(도로)내,화물차,소형,화물차,소형,1,2,3,0,0
파주시,2015,2015-08-28 10시,주간,금요일,차대차,측면충돌,안전운전 의무 불이행,단일로,횡단보도부근,자전거,자전거,화물차,소형,1,0,1,0,0
안양시,2015,2015-08-28 00시,야간,금요일,차대사람,횡단중,안전운전 의무 불이행,단일로,기타단일로,원동기장치자전거,원동기장치자전거,보행자,보행자,1,0,1,0,0
김포시,2015,2015-08-27 11시,주간,목요일,차대차,진행중 추돌,안전거리 미확보,단일로,기타단일로,승용차,중형,승용차,소형,1,1,5,2,1
수원시,2015,2015-08-27 10시,주간,목요일,차대차,진행중 추돌,안전운전 의무 불이행,교차로,교차로내,승용차,소형,자전거,자전거,1,0,1,0,0
의왕시,2015,2015-08-27 01시,야간,목요일,차대차,측면충돌,안전운전 의무 불이행,단일로,기타단일로,승용차,소형,화물차,소형,1,0,1,0,0
가평군,2015,2015-08-26 22시,야간,수요일,차대사람,횡단중,보행자 보호의무 위반,단일로,기타단일로,승용차,중형,보행자,보행자,1,0,1,0,0
파주시,2015,2015-08-26 10시,주간,수요일,차량단독,공작물충돌,안전운전 의무 불이행,단일로,기타단일로,건설기계,건설기계,없음,없음,1,0,1,0,0
의정부시,2015,2015-08-24 19시,야간,월요일,차대사람,횡단중,신호위반,교차로,교차로부근,이륜차,소형,보행자,보행자,1,0,1,0,0
남양주시,2015,2015-08-23 07시,주간,일요일,차대차,정면충돌,신호위반,교차로,교차로내,승용차,중형,이륜차,소형,1,0,1,0,0
남양주시,2015,2015-08-23 05시,야간,일요일,차량단독,공작물충돌,안전운전 의무 불이행,단일로,기타단일로,화물차,중형,없음,없음,1,2,3,0,0
평택시,2015,2015-08-23 04시,야간,일요일,차량단독,공작물충돌,안전운전 의무 불이행,단일로,기타단일로,승용차,소형,없음,없음,1,0,1,0,0
안산시,2015,2015-08-23 00시,야간,일요일,차대사람,횡단중,과속,교차로,교차로부근,승용차,중형,보행자,보행자,1,0,1,0,0
평택시,2015,2015-08-22 18시,야간,토요일,차량단독,공작물충돌,안전운전 의무 불이행,단일로,기타단일로,화물차,경형,없음,없음,1,0,1,0,0
김포시,2015,2015-08-22 12시,주간,토요일,차대사람,횡단중,안전운전 의무 불이행,교차로,교차로내,화물차,소형,보행자,보행자,1,0,1,0,0
고양시,2015,2015-08-22 04시,야간,토요일,차대사람,기타,안전운전 의무 불이행,단일로,교량위,승용차,중형,보행자,보행자,1,0,1,0,0
화성시,2015,2015-08-22 02시,야간,토요일,차량단독,공작물충돌,안전운전 의무 불이행,단일로,기타단일로,승용차,중형,없음,없음,1,0,1,0,0
안양시,2015,2015-08-21 22시,야간,금요일,차대차,측면충돌,교차로 통행방법 위반,교차로,교차로내,승용차,중형,이륜차,소형,1,0,4,0,3
평택시,2015,2015-08-21 22시,야간,금요일,차대사람,기타,안전운전 의무 불이행,단일로,기타단일로,화물차,대형,보행자,보행자,1,0,1,0,0
안성시,2015,2015-08-21 20시,야간,금요일,차대차,정면충돌,안전운전 의무 불이행,교차로,교차로내,승용차,경형,화물차,소형,1,8,9,0,0
안성시,2015,2015-08-21 05시,야간,금요일,차대차,측면충돌,교차로 통행방법 위반,교차로,교차로내,승용차,중형,화물차,중형,1,0,1,0,0
성남시,2015,2015-08-21 04시,야간,금요일,차량단독,기타,과속,단일로,기타단일로,이륜차,소형,없음,없음,1,1,2,0,0
성남시,2015,2015-08-21 00시,야간,금요일,차대사람,기타,안전운전 의무 불이행,단일로,기타단일로,승용차,대형,보행자,보행자,2,0,2,0,0
시흥시,2015,2015-08-19 23시,야간,수요일,차대사람,횡단중,안전운전 의무 불이행,단일로,기타단일로,승용차,대형,보행자,보행자,1,0,1,0,0
안양시,2015,2015-08-19 19시,야간,수요일,차대차,기타,안전거리 미확보,단일로,기타단일로,승합차,대형,승합차,대형,1,1,6,0,4
안성시,2015,2015-08-19 16시,주간,수요일,차대차,주정차중 추돌,안전운전 의무 불이행,단일로,기타단일로,화물차,소형,화물차,소형,1,3,7,0,3
고양시,2015,2015-08-19 11시,주간,수요일,차대사람,횡단중,신호위반,단일로,횡단보도상,화물차,소형,보행자,보행자,1,0,1,0,0
이천시,2015,2015-08-18 00시,야간,화요일,차대차,기타,안전운전 의무 불이행,단일로,기타단일로,화물차,중형,승용차,중형,1,1,2,0,0
양주시,2015,2015-08-17 18시,야간,월요일,차대차,기타,과속,단일로,기타단일로,화물차,소형,자전거,자전거,1,0,1,0,0
파주시,2015,2015-08-17 16시,주간,월요일,차대차,측면충돌,안전운전 의무 불이행,단일로,기타단일로,원동기장치자전거,원동기장치자전거,화물차,중형,1,0,1,0,0
하남시,2015,2015-08-17 11시,주간,월요일,차대차,기타,안전운전 의무 불이행,교차로,교차로부근,화물차,중형,승용차,중형,1,3,6,0,2
부천시,2015,2015-08-16 20시,야간,일요일,차대사람,횡단중,안전운전 의무 불이행,교차로,교차로내,승용차,경형,보행자,보행자,1,0,1,0,0
용인시,2015,2015-08-15 23시,야간,토요일,차량단독,공작물충돌,안전운전 의무 불이행,단일로,터널안,원동기장치자전거,원동기장치자전거,없음,없음,1,0,1,0,0
동두천시,2015,2015-08-15 08시,주간,토요일,차대사람,횡단중,보행자 보호의무 위반,교차로,교차로내,승용차,중형,보행자,보행자,1,0,1,0,0
안산시,2015,2015-08-14 15시,주간,금요일,차대차,기타,중앙선 침범,교차로,교차로부근,화물차,경형,승용차,대형,1,0,2,0,1
여주시,2015,2015-08-14 09시,주간,금요일,차대차,측면충돌,교차로 통행방법 위반,교차로,교차로내,승용차,중형,원동기장치자전거,원동기장치자전거,1,0,1,0,0
하남시,2015,2015-08-14 09시,주간,금요일,차대사람,횡단중,안전운전 의무 불이행,단일로,횡단보도상,승용차,중형,보행자,보행자,1,0,1,0,0
군포시,2015,2015-08-14 01시,야간,금요일,차대사람,횡단중,안전운전 의무 불이행,단일로,기타단일로,승용차,중형,보행자,보행자,1,0,1,0,0
평택시,2015,2015-08-13 13시,주간,목요일,차대차,정면충돌,안전운전 의무 불이행,교차로,교차로내,승합차,소형,승용차,대형,1,4,6,0,1
양평군,2015,2015-08-13 12시,주간,목요일,차대차,기타,중앙선 침범,단일로,기타단일로,자전거,자전거,승용차,중형,1,0,1,0,0
시흥시,2015,2015-08-13 07시,주간,목요일,차대차,측면충돌,신호위반,교차로,교차로내,이륜차,중형,승용차,중형,1,0,2,0,1
군포시,2015,2015-08-12 11시,주간,수요일,차대사람,횡단중,안전운전 의무 불이행,교차로,교차로내,화물차,소형,보행자,보행자,1,0,1,0,0
파주시,2015,2015-08-11 16시,주간,화요일,차대사람,횡단중,보행자 보호의무 위반,교차로,교차로내,건설기계,건설기계,보행자,보행자,1,0,1,0,0
안산시,2015,2015-08-11 00시,야간,화요일,차대차,기타,안전운전 의무 불이행,단일로,기타단일로,승용차,중형,이륜차,소형,1,0,1,0,0
광명시,2015,2015-08-10 19시,야간,월요일,차대사람,횡단중,신호위반,교차로,교차로부근,승합차,대형,보행자,보행자,1,0,1,0,0
의왕시,2015,2015-08-10 18시,야간,월요일,차량단독,공작물충돌,안전운전 의무 불이행,단일로,기타단일로,화물차,중형,없음,없음,1,0,1,0,0
수원시,2015,2015-08-10 18시,야간,월요일,차대차,측면충돌,신호위반,교차로,교차로내,승용차,중형,이륜차,대형,1,0,1,0,0
안산시,2015,2015-08-10 14시,주간,월요일,차대차,정면충돌,중앙선 침범,단일로,기타단일로,승용차,소형,승용차,중형,1,1,2,0,0
평택시,2015,2015-08-10 14시,주간,월요일,차대차,측면충돌,안전운전 의무 불이행,교차로,교차로내,화물차,중형,원동기장치자전거,원동기장치자전거,1,0,1,0,0
부천시,2015,2015-08-10 04시,야간,월요일,차대차,기타,중앙선 침범,단일로,횡단보도부근,자전거,자전거,승용차,중형,1,0,1,0,0
고양시,2015,2015-08-09 21시,야간,일요일,차대사람,횡단중,안전운전 의무 불이행,단일로,기타단일로,승용차,중형,보행자,보행자,1,0,1,0,0
동두천시,2015,2015-08-09 19시,야간,일요일,차대차,진행중 추돌,안전운전 의무 불이행,단일로,기타단일로,승용차,중형,자전거,자전거,1,0,1,0,0
남양주시,2015,2015-08-09 03시,야간,일요일,차량단독,공작물충돌,안전운전 의무 불이행,단일로,기타단일로,이륜차,소형,없음,없음,1,0,1,0,0
안양시,2015,2015-08-08 18시,야간,토요일,차대사람,기타,안전운전 의무 불이행,교차로,교차로부근,승용차,중형,보행자,보행자,1,0,1,0,0
남양주시,2015,2015-08-07 13시,주간,금요일,차대차,측면충돌,안전운전 의무 불이행,단일로,기타단일로,승용차,중형,승용차,중형,2,4,6,0,0
고양시,2015,2015-08-07 06시,주간,금요일,차대차,측면충돌,신호위반,교차로,교차로내,승용차,중형,화물차,소형,1,0,2,0,1
양주시,2015,2015-08-07 02시,야간,금요일,차량단독,공작물충돌,과속,단일로,기타단일로,승용차,중형,없음,없음,1,3,4,0,0
가평군,2015,2015-08-06 22시,야간,목요일,차량단독,기타,신호위반,교차로,교차로부근,이륜차,대형,없음,없음,1,0,1,0,0