시군명,발생년도,발생일자,주야구분명,사고요일,사고유형_대분류,사고유형,법규위반내용,도로형태_대분류,도로형태,당사자1_대분류,당사자1_차종,당사자2_대분류,당사자2_차종,사망자수,중상자수,부상자수,부상신고자수,경상자수
안성시,2015,2015-03-13 21시,야간,금요일,차대사람,횡단중,안전운전 의무 불이행,단일로,기타단일로,승용차,소형,보행자,보행자,1,0,1,0,0
수원시,2015,2015-03-13 01시,야간,금요일,차대차,기타,안전운전 의무 불이행,단일로,기타단일로,화물차,대형,승용차,중형,1,0,1,0,0
김포시,2015,2015-03-12 22시,야간,목요일,차대차,측면충돌,신호위반,교차로,교차로부근,승용차,소형,승용차,중형,1,0,3,0,2
평택시,2015,2015-03-12 05시,야간,목요일,차대사람,횡단중,안전운전 의무 불이행,단일로,기타단일로,승용차,경형,보행자,보행자,1,0,1,0,0
고양시,2015,2015-03-11 04시,야간,수요일,차대차,기타,과속,단일로,기타단일로,승용차,중형,이륜차,소형,1,0,1,0,0
광주시,2015,2015-03-10 10시,주간,화요일,차대사람,길가장자리구역통행중,안전운전 의무 불이행,단일로,기타단일로,승합차,중형,보행자,보행자,1,0,1,0,0
안산시,2015,2015-03-10 00시,야간,화요일,차대차,주정차중 추돌,안전운전 의무 불이행,단일로,기타단일로,승용차,중형,건설기계,건설기계,1,0,1,0,0
여주시,2015,2015-03-09 19시,야간,월요일,차대차,진행중 추돌,안전운전 의무 불이행,교차로,교차로내,화물차,소형,화물차,소형,1,2,3,0,0
수원시,2015,2015-03-09 09시,주간,월요일,차대차,측면충돌,신호위반,교차로,교차로내,이륜차,중형,화물차,소형,1,0,1,0,0
파주시,2015,2015-03-09 08시,주간,월요일,차대차,기타,신호위반,교차로,교차로부근,승합차,대형,자전거,자전거,1,0,1,0,0
가평군,2015,2015-03-08 00시,야간,일요일,차대사람,기타,안전운전 의무 불이행,단일로,교량위,화물차,소형,보행자,보행자,1,0,1,0,0
수원시,2015,2015-03-07 08시,주간,토요일,차대차,기타,중앙선 침범,단일로,기타단일로,화물차,소형,승용차,중형,1,0,1,0,0
안산시,2015,2015-03-07 06시,주간,토요일,차대차,주정차중 추돌,안전운전 의무 불이행,단일로,기타단일로,승용차,중형,화물차,대형,1,0,1,0,0
양평군,2015,2015-03-07 04시,야간,토요일,차대사람,기타,안전운전 의무 불이행,단일로,기타단일로,승용차,대형,보행자,보행자,1,0,1,0,0
고양시,2015,2015-03-06 19시,야간,금요일,차대차,진행중 추돌,안전운전 의무 불이행,단일로,기타단일로,화물차,소형,화물차,소형,1,0,3,0,2
수원시,2015,2015-03-06 13시,주간,금요일,차대사람,기타,안전운전 의무 불이행,단일로,기타단일로,승용차,중형,보행자,보행자,1,0,2,0,1
성남시,2015,2015-03-06 03시,야간,금요일,차대사람,차도통행중,안전운전 의무 불이행,단일로,기타단일로,화물차,소형,보행자,보행자,1,0,1,0,0
의왕시,2015,2015-03-06 00시,야간,금요일,차대사람,횡단중,안전운전 의무 불이행,단일로,횡단보도상,승용차,중형,보행자,보행자,1,0,1,0,0
안양시,2015,2015-03-05 22시,야간,목요일,차대사람,횡단중,안전운전 의무 불이행,단일로,기타단일로,승용차,중형,보행자,보행자,1,0,1,0,0
용인시,2015,2015-03-05 12시,주간,목요일,차대사람,횡단중,안전운전 의무 불이행,단일로,기타단일로,화물차,소형,보행자,보행자,1,0,1,0,0
하남시,2015,2015-03-04 11시,주간,수요일,차대사람,횡단중,안전운전 의무 불이행,단일로,기타단일로,승합차,대형,보행자,보행자,1,0,1,0,0
안성시,2015,2015-03-03 13시,주간,화요일,차대사람,차도통행중,안전운전 의무 불이행,교차로,교차로부근,승합차,대형,보행자,보행자,1,0,1,0,0
고양시,2015,2015-03-03 12시,주간,화요일,차대사람,차도통행중,안전운전 의무 불이행,단일로,기타단일로,화물차,소형,보행자,보행자,1,1,2,0,0
김포시,2015,2015-03-03 08시,주간,화요일,차대사람,횡단중,안전운전 의무 불이행,단일로,횡단보도부근,화물차,소형,보행자,보행자,1,0,1,0,0
부천시,2015,2015-03-02 12시,주간,월요일,차대사람,횡단중,신호위반,교차로,교차로내,승합차,대형,보행자,보행자,1,0,1,0,0
이천시,2015,2015-03-02 10시,주간,월요일,차대차,측면충돌,안전운전 의무 불이행,단일로,기타단일로,승용차,중형,화물차,대형,1,1,2,0,0
용인시,2015,2015-03-02 01시,야간,월요일,차대차,주정차중 추돌,안전운전 의무 불이행,단일로,기타단일로,승용차,중형,화물차,중형,1,0,1,0,0
고양시,2015,2015-03-01 03시,야간,일요일,차량단독,기타,안전운전 의무 불이행,단일로,기타단일로,특수차,소형,없음,없음,1,0,1,0,0
가평군,2015,2015-02-27 23시,야간,금요일,차대차,주정차중 추돌,안전운전 의무 불이행,단일로,기타단일로,승용차,대형,승용차,대형,1,2,3,0,0
부천시,2015,2015-02-27 05시,야간,금요일,차량단독,기타,안전운전 의무 불이행,단일로,기타단일로,이륜차,소형,없음,없음,1,0,1,0,0
수원시,2015,2015-02-26 13시,주간,목요일,차대차,진행중 추돌,안전거리 미확보,단일로,기타단일로,승용차,중형,원동기장치자전거,원동기장치자전거,1,0,1,0,0
용인시,2015,2015-02-26 06시,주간,목요일,차대차,기타,안전운전 의무 불이행,기타/불명,기타/불명,화물차,소형,승합차,소형,1,0,1,0,0
용인시,2015,2015-02-25 18시,야간,수요일,차대사람,횡단중,보행자 보호의무 위반,교차로,교차로부근,승용차,중형,보행자,보행자,1,0,1,0,0
고양시,2015,2015-02-25 11시,주간,수요일,차대차,기타,신호위반,교차로,교차로내,자전거,자전거,승용차,중형,1,0,1,0,0
평택시,2015,2015-02-24 10시,주간,화요일,차대사람,기타,안전운전 의무 불이행,기타/불명,기타/불명,승용차,중형,보행자,보행자,1,0,1,0,0
안양시,2015,2015-02-23 11시,주간,월요일,차대사람,횡단중,안전운전 의무 불이행,교차로,교차로내,승용차,중형,보행자,보행자,1,0,1,0,0
김포시,2015,2015-02-22 10시,주간,일요일,차대사람,횡단중,보행자 보호의무 위반,교차로,교차로부근,승합차,중형,보행자,보행자,1,0,1,0,0
시흥시,2015,2015-02-22 00시,야간,일요일,차대차,기타,안전거리 미확보,교차로,교차로부근,원동기장치자전거,원동기장치자전거,승용차,중형,1,2,3,0,0
광주시,2015,2015-02-18 22시,야간,수요일,차대차,정면충돌,중앙선 침범,단일로,기타단일로,승용차,중형,이륜차,소형,1,0,1,0,0
부천시,2015,2015-02-17 22시,야간,화요일,차대사람,기타,기타(운전자법규위반),단일로,기타단일로,승합차,중형,보행자,보행자,1,0,1,0,0
남양주시,2015,2015-02-16 20시,야간,월요일,차대차,진행중 추돌,안전운전 의무 불이행,단일로,터널안,승용차,중형,승용차,소형,1,0,2,0,1
하남시,2015,2015-02-16 18시,야간,월요일,차대사람,횡단중,안전운전 의무 불이행,단일로,횡단보도상,승용차,소형,보행자,보행자,1,0,1,0,0
의정부시,2015,2015-02-16 14시,주간,월요일,차대차,정면충돌,중앙선 침범,단일로,기타단일로,승합차,소형,화물차,소형,2,0,2,0,0
부천시,2015,2015-02-15 21시,야간,일요일,차대사람,횡단중,안전운전 의무 불이행,교차로,교차로부근,화물차,중형,보행자,보행자,1,0,1,0,0
연천군,2015,2015-02-15 18시,야간,일요일,차대차,진행중 추돌,안전운전 의무 불이행,단일로,기타단일로,화물차,경형,자전거,자전거,1,0,1,0,0
포천시,2015,2015-02-15 18시,야간,일요일,차대차,기타,안전운전 의무 불이행,교차로,교차로부근,화물차,대형,자전거,자전거,1,0,1,0,0
파주시,2015,2015-02-13 17시,주간,금요일,차대차,정면충돌,신호위반,교차로,교차로내,승합차,대형,자전거,자전거,1,0,1,0,0
안산시,2015,2015-02-13 10시,주간,금요일,차대차,기타,신호위반,단일로,기타단일로,자전거,자전거,승용차,경형,1,0,1,0,0
성남시,2015,2015-02-12 13시,주간,목요일,차대사람,횡단중,신호위반,교차로,교차로부근,화물차,중형,보행자,보행자,1,0,1,0,0
김포시,2015,2015-02-12 07시,주간,목요일,차량단독,공작물충돌,안전운전 의무 불이행,교차로,교차로내,승용차,경형,없음,없음,1,0,1,0,0
광주시,2015,2015-02-12 01시,야간,목요일,차대차,진행중 추돌,안전운전 의무 불이행,단일로,기타단일로,승용차,경형,화물차,소형,1,1,2,0,0
고양시,2015,2015-02-12 00시,야간,목요일,차대사람,기타,안전운전 의무 불이행,단일로,횡단보도상,승용차,중형,보행자,보행자,1,0,1,0,0
포천시,2015,2015-02-11 08시,주간,수요일,차대차,측면충돌,신호위반,교차로,교차로내,승용차,소형,승용차,중형,1,1,2,0,0
수원시,2015,2015-02-11 01시,야간,수요일,차대사람,기타,안전운전 의무 불이행,단일로,기타단일로,승용차,중형,보행자,보행자,1,0,1,0,0
부천시,2015,2015-02-10 07시,주간,화요일,차대사람,횡단중,안전운전 의무 불이행,교차로,교차로부근,승용차,중형,보행자,보행자,1,0,1,0,0
용인시,2015,2015-02-10 05시,야간,화요일,차대차,진행중 추돌,안전운전 의무 불이행,교차로,교차로내,화물차,소형,화물차,대형,1,0,1,0,0
성남시,2015,2015-02-09 16시,주간,월요일,차대차,진행중 추돌,안전운전 의무 불이행,단일로,터널안,승용차,중형,승용차,소형,1,3,4,0,0
화성시,2015,2015-02-09 12시,주간,월요일,차대차,정면충돌,중앙선 침범,단일로,기타단일로,승용차,소형,화물차,소형,1,0,3,0,2
성남시,2015,2015-02-08 12시,주간,일요일,차대차,진행중 추돌,안전운전 의무 불이행,단일로,기타단일로,승용차,소형,승용차,중형,1,0,3,0,2
군포시,2015,2015-02-07 07시,주간,토요일,차량단독,전도전복,안전운전 의무 불이행,단일로,기타단일로,이륜차,중형,없음,없음,1,0,1,0,0
용인시,2015,2015-02-06 18시,야간,금요일,차량단독,전도전복,안전운전 의무 불이행,단일로,기타단일로,원동기장치자전거,원동기장치자전거,없음,없음,1,0,1,0,0
하남시,2015,2015-02-06 09시,주간,금요일,차대사람,횡단중,안전운전 의무 불이행,단일로,기타단일로,화물차,소형,보행자,보행자,1,0,1,0,0
고양시,2015,2015-02-05 22시,야간,목요일,차대사람,기타,안전운전 의무 불이행,단일로,기타단일로,승용차,소형,보행자,보행자,1,0,1,0,0
용인시,2015,2015-02-05 15시,주간,목요일,차대사람,차도통행중,안전운전 의무 불이행,교차로,교차로내,건설기계,건설기계,보행자,보행자,1,0,1,0,0
안성시,2015,2015-02-04 22시,야간,수요일,차대사람,기타,안전운전 의무 불이행,교차로,교차로내,화물차,경형,보행자,보행자,1,0,1,0,0
부천시,2015,2015-02-04 10시,주간,수요일,차대사람,길가장자리구역통행중,안전운전 의무 불이행,단일로,기타단일로,자전거,자전거,보행자,보행자,1,0,1,0,0
용인시,2015,2015-02-04 09시,주간,수요일,차대차,기타,안전운전 의무 불이행,단일로,기타단일로,승용차,소형,건설기계,건설기계,1,0,1,0,0
안산시,2015,2015-02-03 19시,야간,화요일,차대사람,보도통행중,기타(운전자법규위반),교차로,교차로부근,자전거,자전거,보행자,보행자,1,0,1,0,0
남양주시,2015,2015-01-30 08시,주간,금요일,차대사람,기타,안전운전 의무 불이행,교차로,교차로부근,승용차,중형,보행자,보행자,1,0,1,0,0
광명시,2015,2015-01-30 03시,야간,금요일,차대사람,기타,안전운전 의무 불이행,단일로,기타단일로,승용차,중형,보행자,보행자,1,1,2,0,0
부천시,2015,2015-01-29 20시,야간,목요일,차대사람,횡단중,보행자 보호의무 위반,교차로,교차로내,승합차,대형,보행자,보행자,1,0,1,0,0
수원시,2015,2015-01-29 20시,야간,목요일,차대사람,횡단중,안전운전 의무 불이행,교차로,교차로내,승합차,소형,보행자,보행자,1,0,1,0,0
이천시,2015,2015-01-29 07시,주간,목요일,차대차,기타,신호위반,교차로,교차로내,승용차,소형,승용차,중형,1,0,2,0,1
화성시,2015,2015-01-28 20시,야간,수요일,차대사람,차도통행중,안전운전 의무 불이행,단일로,기타단일로,승합차,소형,보행자,보행자,1,0,1,0,0
용인시,2015,2015-01-26 14시,주간,월요일,차대차,측면충돌,안전운전 의무 불이행,교차로,교차로내,승용차,중형,승용차,중형,1,1,3,0,1
수원시,2015,2015-01-25 18시,야간,일요일,차대사람,횡단중,안전운전 의무 불이행,단일로,기타단일로,승용차,대형,보행자,보행자,1,2,3,0,0
광주시,2015,2015-01-24 04시,야간,토요일,차량단독,공작물충돌,안전운전 의무 불이행,단일로,기타단일로,화물차,소형,없음,없음,1,0,1,0,0
파주시,2015,2015-01-24 04시,야간,토요일,차대사람,횡단중,안전운전 의무 불이행,교차로,교차로부근,승용차,중형,보행자,보행자,1,0,1,0,0
의왕시,2015,2015-01-23 16시,주간,금요일,차대사람,길가장자리구역통행중,안전운전 의무 불이행,단일로,기타단일로,화물차,소형,보행자,보행자,1,0,1,0,0
수원시,2015,2015-01-23 06시,주간,금요일,차대차,측면충돌,신호위반,교차로,교차로내,승합차,대형,자전거,자전거,1,0,1,0,0
평택시,2015,2015-01-23 00시,야간,금요일,차대차,주정차중 추돌,안전운전 의무 불이행,교차로,교차로부근,승용차,소형,화물차,소형,1,0,1,0,0
광명시,2015,2015-01-22 22시,야간,목요일,차대사람,횡단중,안전운전 의무 불이행,단일로,기타단일로,이륜차,중형,보행자,보행자,2,0,2,0,0
동두천시,2015,2015-01-22 20시,야간,목요일,차대사람,횡단중,안전운전 의무 불이행,단일로,기타단일로,승용차,중형,보행자,보행자,1,0,1,0,0
평택시,2015,2015-01-22 19시,야간,목요일,차대사람,횡단중,안전운전 의무 불이행,단일로,기타단일로,승용차,소형,보행자,보행자,1,0,1,0,0
용인시,2015,2015-01-22 06시,주간,목요일,차대사람,횡단중,신호위반,교차로,교차로내,승용차,중형,보행자,보행자,1,0,1,0,0
안산시,2015,2015-01-22 00시,야간,목요일,차대차,진행중 추돌,안전운전 의무 불이행,교차로,교차로내,화물차,소형,원동기장치자전거,원동기장치자전거,1,0,1,0,0
남양주시,2015,2015-01-21 19시,야간,수요일,차대차,주정차중 추돌,안전운전 의무 불이행,단일로,기타단일로,화물차,중형,승용차,경형,1,1,2,0,0
연천군,2015,2015-01-21 06시,주간,수요일,차대사람,기타,안전운전 의무 불이행,단일로,기타단일로,승용차,대형,보행자,보행자,1,0,1,0,0
이천시,2015,2015-01-21 04시,야간,수요일,차량단독,전도전복,안전운전 의무 불이행,교차로,교차로내,승용차,소형,없음,없음,1,0,1,0,0
성남시,2015,2015-01-21 01시,야간,수요일,차량단독,전도전복,안전운전 의무 불이행,교차로,교차로부근,승용차,소형,없음,없음,1,0,1,0,0
평택시,2015,2015-01-20 07시,주간,화요일,차대차,정면충돌,중앙선 침범,단일로,기타단일로,승용차,중형,승용차,중형,1,2,4,0,1
고양시,2015,2015-01-20 00시,야간,화요일,차량단독,공작물충돌,안전운전 의무 불이행,단일로,기타단일로,승용차,중형,없음,없음,1,0,1,0,0
남양주시,2015,2015-01-19 22시,야간,월요일,차대사람,기타,안전운전 의무 불이행,단일로,기타단일로,승합차,중형,보행자,보행자,1,0,1,0,0
남양주시,2015,2015-01-19 20시,야간,월요일,차대사람,보도통행중,기타(운전자법규위반),단일로,기타단일로,승용차,중형,보행자,보행자,1,0,1,0,0
안산시,2015,2015-01-19 14시,주간,월요일,차대사람,차도통행중,안전운전 의무 불이행,단일로,기타단일로,화물차,대형,보행자,보행자,1,0,1,0,0
화성시,2015,2015-01-19 05시,야간,월요일,차대차,진행중 추돌,안전운전 의무 불이행,단일로,기타단일로,화물차,중형,화물차,중형,1,0,1,0,0
김포시,2015,2015-01-18 06시,주간,일요일,차량단독,공작물충돌,안전운전 의무 불이행,단일로,기타단일로,승용차,중형,없음,없음,1,0,1,0,0
수원시,2015,2015-01-17 06시,주간,토요일,차대사람,횡단중,안전운전 의무 불이행,교차로,교차로내,승용차,중형,보행자,보행자,1,0,1,0,0
의정부시,2015,2015-01-17 05시,야간,토요일,차대사람,기타,안전운전 의무 불이행,단일로,횡단보도상,화물차,소형,보행자,보행자,1,0,1,0,0
수원시,2015,2015-01-16 13시,주간,금요일,차량단독,전도전복,안전운전 의무 불이행,교차로,교차로내,이륜차,중형,없음,없음,1,0,1,0,0
안산시,2015,2015-01-16 04시,야간,금요일,차대차,측면충돌,신호위반,교차로,교차로내,승용차,중형,이륜차,소형,1,1,2,0,0
화성시,2015,2015-01-15 21시,야간,목요일,차대사람,기타,안전운전 의무 불이행,단일로,기타단일로,승용차,중형,보행자,보행자,1,0,1,0,0
양평군,2015,2015-01-15 18시,야간,목요일,차대차,정면충돌,중앙선 침범,단일로,기타단일로,승용차,소형,이륜차,소형,1,0,1,0,0
의정부시,2015,2015-01-15 18시,야간,목요일,차대사람,기타,안전운전 의무 불이행,단일로,기타단일로,승용차,중형,보행자,보행자,1,0,2,0,1
화성시,2015,2015-01-15 06시,주간,목요일,차대차,기타,안전운전 의무 불이행,단일로,기타단일로,화물차,중형,건설기계,건설기계,1,0,2,0,1
용인시,2015,2015-01-14 06시,주간,수요일,차대사람,횡단중,안전운전 의무 불이행,단일로,기타단일로,승용차,소형,보행자,보행자,1,0,2,0,1
양주시,2015,2015-01-13 23시,야간,화요일,차량단독,공작물충돌,안전운전 의무 불이행,단일로,기타단일로,승용차,중형,없음,없음,1,0,1,0,0
군포시,2015,2015-01-13 17시,주간,화요일,차대사람,횡단중,안전운전 의무 불이행,단일로,기타단일로,승합차,중형,보행자,보행자,1,0,1,0,0
평택시,2015,2015-01-13 05시,야간,화요일,차대사람,횡단중,안전운전 의무 불이행,교차로,교차로부근,승합차,소형,보행자,보행자,1,0,1,0,0
안양시,2015,2015-01-12 21시,야간,월요일,차대사람,횡단중,안전운전 의무 불이행,단일로,기타단일로,승용차,대형,보행자,보행자,1,0,1,0,0
남양주시,2015,2015-01-12 21시,야간,월요일,차대차,주정차중 추돌,안전운전 의무 불이행,단일로,기타단일로,화물차,경형,화물차,대형,1,0,1,0,0
안양시,2015,2015-01-11 19시,야간,일요일,차대사람,차도통행중,안전운전 의무 불이행,단일로,기타단일로,승합차,대형,보행자,보행자,1,0,1,0,0
이천시,2015,2015-01-11 05시,야간,일요일,차대사람,길가장자리구역통행중,안전운전 의무 불이행,단일로,기타단일로,승용차,중형,보행자,보행자,1,0,1,0,0
성남시,2015,2015-01-11 03시,야간,일요일,차대차,주정차중 추돌,안전운전 의무 불이행,단일로,기타단일로,승용차,중형,특수차,소형,1,1,5,0,3
용인시,2015,2015-01-11 01시,야간,일요일,차량단독,도로이탈 추락,안전운전 의무 불이행,단일로,기타단일로,승용차,중형,없음,없음,1,0,2,1,0
가평군,2015,2015-01-10 01시,야간,토요일,차량단독,공작물충돌,안전운전 의무 불이행,단일로,기타단일로,승합차,소형,없음,없음,1,0,1,0,0
고양시,2015,2015-01-09 18시,야간,금요일,차대차,진행중 추돌,안전운전 의무 불이행,교차로,교차로내,승합차,대형,이륜차,소형,1,0,1,0,0
안양시,2015,2015-01-08 09시,주간,목요일,차대사람,횡단중,안전운전 의무 불이행,교차로,교차로내,승용차,중형,보행자,보행자,1,0,2,1,0
성남시,2015,2015-01-08 06시,주간,목요일,차대사람,횡단중,안전운전 의무 불이행,교차로,교차로부근,승합차,중형,보행자,보행자,1,0,1,0,0
양주시,2015,2015-01-07 23시,야간,수요일,차대차,진행중 추돌,안전운전 의무 불이행,교차로,교차로내,승합차,대형,승합차,소형,1,1,5,0,3
고양시,2015,2015-01-07 16시,주간,수요일,차대차,측면충돌,교차로 통행방법 위반,교차로,교차로내,화물차,대형,승용차,중형,1,7,8,0,0
수원시,2015,2015-01-06 23시,야간,화요일,차대차,측면충돌,중앙선 침범,단일로,기타단일로,승용차,중형,화물차,소형,1,0,3,1,1
안산시,2015,2015-01-06 19시,야간,화요일,차대사람,횡단중,안전운전 의무 불이행,단일로,기타단일로,승용차,경형,보행자,보행자,1,0,1,0,0
하남시,2015,2015-01-06 14시,주간,화요일,차량단독,전도전복,안전운전 의무 불이행,기타/불명,기타/불명,승용차,중형,없음,없음,1,0,1,0,0
광주시,2015,2015-01-06 13시,주간,화요일,차대사람,횡단중,안전운전 의무 불이행,단일로,기타단일로,승용차,중형,보행자,보행자,1,0,1,0,0
파주시,2015,2015-01-06 07시,주간,화요일,차대차,측면충돌,안전운전 의무 불이행,단일로,기타단일로,건설기계,건설기계,화물차,소형,1,1,2,0,0
안산시,2015,2015-01-06 07시,주간,화요일,차대차,기타,안전운전 의무 불이행,단일로,기타단일로,승용차,소형,자전거,자전거,1,0,1,0,0
시흥시,2015,2015-01-05 23시,야간,월요일,차대차,측면충돌,안전운전 의무 불이행,교차로,교차로내,승합차,대형,승용차,중형,1,0,1,0,0
고양시,2015,2015-01-05 19시,야간,월요일,차대사람,횡단중,안전운전 의무 불이행,단일로,횡단보도상,승합차,대형,보행자,보행자,1,0,1,0,0
수원시,2015,2015-01-05 06시,주간,월요일,차대차,기타,안전운전 의무 불이행,단일로,횡단보도상,승용차,중형,화물차,소형,1,0,1,0,0
평택시,2015,2015-01-04 23시,야간,일요일,차대사람,차도통행중,안전운전 의무 불이행,단일로,기타단일로,승용차,대형,보행자,보행자,1,0,1,0,0
성남시,2015,2015-01-04 22시,야간,일요일,차대사람,기타,안전운전 의무 불이행,교차로,교차로부근,승용차,경형,보행자,보행자,1,0,1,0,0
성남시,2015,2015-01-04 15시,주간,일요일,차대사람,기타,안전운전 의무 불이행,교차로,교차로부근,승합차,소형,보행자,보행자,1,0,1,0,0
광주시,2015,2015-01-04 07시,주간,일요일,차대차,진행중 추돌,안전운전 의무 불이행,단일로,기타단일로,승용차,소형,건설기계,건설기계,1,0,1,0,0
성남시,2015,2015-01-03 16시,주간,토요일,차량단독,전도전복,안전운전 의무 불이행,단일로,기타단일로,승용차,중형,없음,없음,1,0,2,0,1
성남시,2015,2015-01-03 15시,주간,토요일,차량단독,기타,안전운전 의무 불이행,기타/불명,기타/불명,승합차,대형,없음,없음,1,0,1,0,0
용인시,2015,2015-01-02 21시,야간,금요일,차대사람,차도통행중,안전운전 의무 불이행,단일로,기타단일로,승용차,대형,보행자,보행자,1,0,1,0,0
고양시,2015,2015-01-02 20시,야간,금요일,차대사람,기타,안전운전 의무 불이행,단일로,기타단일로,승용차,중형,보행자,보행자,1,0,1,0,0
수원시,2015,2015-01-02 17시,주간,금요일,차대사람,기타,과속,교차로,교차로내,승합차,중형,보행자,보행자,1,0,1,0,0
평택시,2015,2015-01-02 17시,주간,금요일,차대차,주정차중 추돌,안전운전 의무 불이행,단일로,기타단일로,화물차,대형,화물차,소형,1,0,7,0,6
광주시,2014,2014-12-31 22시,야간,수요일,차대차,주정차중 추돌,안전운전 의무 불이행,교차로,교차로부근,승용차,소형,승용차,중형,1,0,5,0,4
화성시,2014,2014-12-31 19시,야간,수요일,차대차,기타,안전거리 미확보,단일로,기타단일로,승용차,중형,승용차,소형,1,3,34,30,0
여주시,2014,2014-12-31 18시,야간,수요일,차대사람,길가장자리구역통행중,안전운전 의무 불이행,교차로,교차로부근,승용차,소형,보행자,보행자,1,0,1,0,0
광주시,2014,2014-12-30 23시,야간,화요일,차대사람,차도통행중,안전운전 의무 불이행,교차로,교차로부근,승용차,소형,보행자,보행자,1,0,1,0,0
가평군,2014,2014-12-30 12시,주간,화요일,차량단독,기타,안전운전 의무 불이행,단일로,기타단일로,승용차,대형,없음,없음,1,0,1,0,0
안성시,2014,2014-12-30 10시,주간,화요일,차대차,기타,교차로 통행방법 위반,교차로,교차로내,화물차,소형,자전거,자전거,1,0,1,0,0
안성시,2014,2014-12-29 14시,주간,월요일,차대사람,기타,안전운전 의무 불이행,단일로,고가도로위,화물차,소형,보행자,보행자,1,0,1,0,0
군포시,2014,2014-12-29 05시,야간,월요일,차대사람,횡단중,안전운전 의무 불이행,단일로,기타단일로,승용차,중형,보행자,보행자,1,0,1,0,0
안성시,2014,2014-12-28 16시,주간,일요일,차량단독,공작물충돌,안전운전 의무 불이행,단일로,기타단일로,승용차,대형,없음,없음,3,5,8,0,0
광주시,2014,2014-12-28 05시,야간,일요일,차대차,측면충돌,안전운전 의무 불이행,단일로,기타단일로,승용차,소형,화물차,중형,1,1,3,0,1
여주시,2014,2014-12-27 17시,주간,토요일,차대사람,횡단중,보행자 보호의무 위반,단일로,횡단보도상,승용차,중형,보행자,보행자,1,0,1,0,0
하남시,2014,2014-12-27 16시,주간,토요일,차대차,측면충돌,부당한 회전,단일로,횡단보도상,자전거,자전거,승합차,대형,1,0,1,0,0
광주시,2014,2014-12-27 07시,주간,토요일,차대사람,횡단중,안전운전 의무 불이행,교차로,교차로내,승합차,중형,보행자,보행자,1,0,1,0,0
가평군,2014,2014-12-26 15시,주간,금요일,차대차,기타,안전운전 의무 불이행,단일로,기타단일로,승용차,중형,이륜차,소형,1,0,1,0,0
파주시,2014,2014-12-26 07시,주간,금요일,차대차,기타,안전운전 의무 불이행,단일로,기타단일로,이륜차,소형,화물차,대형,1,0,1,0,0
군포시,2014,2014-12-26 04시,야간,금요일,차대사람,횡단중,안전운전 의무 불이행,단일로,횡단보도상,승용차,중형,보행자,보행자,1,0,1,0,0
평택시,2014,2014-12-25 18시,야간,목요일,차대사람,횡단중,안전운전 의무 불이행,교차로,교차로내,화물차,소형,보행자,보행자,2,0,2,0,0
용인시,2014,2014-12-24 18시,야간,수요일,차대사람,차도통행중,안전운전 의무 불이행,교차로,교차로내,건설기계,건설기계,보행자,보행자,1,0,1,0,0
의왕시,2014,2014-12-24 03시,야간,수요일,차대차,진행중 추돌,안전운전 의무 불이행,단일로,기타단일로,승용차,중형,화물차,대형,2,0,2,0,0
화성시,2014,2014-12-23 20시,야간,화요일,차대사람,기타,안전운전 의무 불이행,교차로,교차로부근,승용차,중형,보행자,보행자,1,0,1,0,0
평택시,2014,2014-12-23 09시,주간,화요일,차대차,측면충돌,신호위반,교차로,교차로부근,화물차,경형,승합차,소형,1,0,2,0,1
화성시,2014,2014-12-23 02시,야간,화요일,차대사람,기타,안전운전 의무 불이행,단일로,기타단일로,승용차,중형,보행자,보행자,1,0,1,0,0
양평군,2014,2014-12-22 18시,야간,월요일,차량단독,전도전복,안전운전 의무 불이행,단일로,기타단일로,승용차,대형,없음,없음,1,0,1,0,0
안산시,2014,2014-12-20 06시,주간,토요일,차대차,진행중 추돌,안전운전 의무 불이행,단일로,기타단일로,화물차,소형,자전거,자전거,1,0,1,0,0
의정부시,2014,2014-12-20 05시,야간,토요일,차대사람,횡단중,안전운전 의무 불이행,단일로,기타단일로,화물차,소형,보행자,보행자,1,0,1,0,0
고양시,2014,2014-12-20 03시,야간,토요일,차량단독,공작물충돌,안전운전 의무 불이행,단일로,터널안,화물차,소형,없음,없음,1,0,1,0,0
화성시,2014,2014-12-20 00시,야간,토요일,차량단독,전도전복,안전운전 의무 불이행,단일로,기타단일로,화물차,소형,없음,없음,1,1,2,0,0
수원시,2014,2014-12-19 22시,야간,금요일,차대차,주정차중 추돌,안전운전 의무 불이행,단일로,고가도로위,승용차,중형,승용차,소형,1,2,3,0,0
평택시,2014,2014-12-19 21시,야간,금요일,차대사람,기타,중앙선 침범,교차로,교차로부근,승용차,중형,보행자,보행자,1,0,1,0,0
시흥시,2014,2014-12-19 18시,야간,금요일,차대사람,횡단중,안전운전 의무 불이행,단일로,기타단일로,승합차,대형,보행자,보행자,1,0,1,0,0
남양주시,2014,2014-12-19 18시,야간,금요일,차대사람,횡단중,안전운전 의무 불이행,단일로,기타단일로,화물차,소형,보행자,보행자,1,0,1,0,0
수원시,2014,2014-12-19 09시,주간,금요일,차대사람,횡단중,안전운전 의무 불이행,단일로,기타단일로,화물차,소형,보행자,보행자,1,0,1,0,0