시군명,발생년도,발생일자,주야구분명,사고요일,사고유형_대분류,사고유형,법규위반내용,도로형태_대분류,도로형태,당사자1_대분류,당사자1_차종,당사자2_대분류,당사자2_차종,사망자수,중상자수,부상자수,부상신고자수,경상자수
시흥시,2014,2014-12-19 08시,주간,금요일,차대차,진행중 추돌,안전운전 의무 불이행,단일로,기타단일로,화물차,중형,화물차,중형,1,2,3,0,0
광주시,2014,2014-12-19 07시,주간,금요일,차대차,기타,안전운전 의무 불이행,교차로,교차로부근,자전거,자전거,화물차,소형,1,0,1,0,0
부천시,2014,2014-12-19 07시,주간,금요일,차대사람,횡단중,안전운전 의무 불이행,교차로,교차로내,승용차,중형,보행자,보행자,1,0,1,0,0
수원시,2014,2014-12-17 22시,야간,수요일,차대차,측면충돌,중앙선 침범,단일로,기타단일로,자전거,자전거,승합차,대형,1,0,1,0,0
평택시,2014,2014-12-17 00시,야간,수요일,차대차,주정차중 추돌,안전운전 의무 불이행,단일로,기타단일로,화물차,대형,화물차,중형,1,0,2,0,1
안산시,2014,2014-12-15 19시,야간,월요일,차대사람,차도통행중,안전운전 의무 불이행,단일로,기타단일로,승용차,중형,보행자,보행자,1,0,1,0,0
하남시,2014,2014-12-15 12시,주간,월요일,차대사람,기타,안전운전 의무 불이행,기타/불명,기타/불명,화물차,중형,보행자,보행자,1,0,1,0,0
안성시,2014,2014-12-14 20시,야간,일요일,차대사람,횡단중,안전운전 의무 불이행,단일로,기타단일로,승용차,중형,보행자,보행자,1,0,1,0,0
파주시,2014,2014-12-14 16시,주간,일요일,차량단독,공작물충돌,안전운전 의무 불이행,단일로,기타단일로,승용차,소형,없음,없음,1,1,2,0,0
남양주시,2014,2014-12-13 15시,주간,토요일,차대차,진행중 추돌,안전운전 의무 불이행,단일로,기타단일로,승용차,소형,화물차,대형,1,0,1,0,0
수원시,2014,2014-12-13 03시,야간,토요일,차대사람,기타,안전운전 의무 불이행,교차로,교차로부근,화물차,중형,보행자,보행자,1,0,1,0,0
수원시,2014,2014-12-12 13시,주간,금요일,차대사람,횡단중,신호위반,교차로,교차로내,승합차,대형,보행자,보행자,1,0,4,0,3
안산시,2014,2014-12-12 07시,주간,금요일,차대차,기타,안전운전 의무 불이행,단일로,터널안,화물차,대형,화물차,소형,1,0,1,0,0
화성시,2014,2014-12-12 06시,주간,금요일,차대사람,횡단중,안전운전 의무 불이행,단일로,기타단일로,화물차,소형,보행자,보행자,1,0,1,0,0
화성시,2014,2014-12-11 19시,야간,목요일,차대사람,기타,안전운전 의무 불이행,교차로,교차로내,승용차,소형,보행자,보행자,1,0,1,0,0
파주시,2014,2014-12-11 17시,주간,목요일,차대사람,횡단중,안전운전 의무 불이행,단일로,기타단일로,승합차,소형,보행자,보행자,1,0,1,0,0
광명시,2014,2014-12-11 16시,주간,목요일,차대사람,차도통행중,안전운전 의무 불이행,단일로,기타단일로,승용차,중형,보행자,보행자,1,0,1,0,0
파주시,2014,2014-12-11 15시,주간,목요일,차대사람,기타,신호위반,교차로,교차로내,승용차,소형,보행자,보행자,1,0,1,0,0
포천시,2014,2014-12-11 00시,야간,목요일,차량단독,기타,안전운전 의무 불이행,단일로,기타단일로,승합차,중형,없음,없음,1,0,3,0,2
성남시,2014,2014-12-10 02시,야간,수요일,차대차,진행중 추돌,안전거리 미확보,단일로,기타단일로,승용차,대형,화물차,중형,1,0,2,1,0
김포시,2014,2014-12-09 19시,야간,화요일,차대사람,기타,안전운전 의무 불이행,단일로,기타단일로,승용차,중형,보행자,보행자,1,0,1,0,0
고양시,2014,2014-12-08 18시,야간,월요일,차량단독,공작물충돌,안전운전 의무 불이행,단일로,기타단일로,이륜차,중형,없음,없음,1,0,1,0,0
양주시,2014,2014-12-08 16시,주간,월요일,차대차,정면충돌,신호위반,교차로,교차로내,승용차,대형,승용차,소형,1,1,2,0,0
광주시,2014,2014-12-08 14시,주간,월요일,차대차,측면충돌,중앙선 침범,단일로,기타단일로,화물차,소형,화물차,소형,1,1,2,0,0
성남시,2014,2014-12-08 14시,주간,월요일,차대사람,기타,안전운전 의무 불이행,단일로,기타단일로,승용차,중형,보행자,보행자,1,0,1,0,0
양평군,2014,2014-12-08 14시,주간,월요일,차대사람,보도통행중,신호위반,교차로,교차로내,건설기계,건설기계,보행자,보행자,1,0,1,0,0
김포시,2014,2014-12-08 13시,주간,월요일,차대사람,횡단중,신호위반,교차로,교차로내,화물차,소형,보행자,보행자,1,0,1,0,0
안성시,2014,2014-12-08 13시,주간,월요일,차대사람,횡단중,안전운전 의무 불이행,단일로,기타단일로,승용차,대형,보행자,보행자,1,0,1,0,0
오산시,2014,2014-12-08 11시,주간,월요일,차대차,기타,안전운전 의무 불이행,단일로,기타단일로,승합차,대형,자전거,자전거,1,0,1,0,0
수원시,2014,2014-12-07 19시,야간,일요일,차대사람,기타,안전운전 의무 불이행,단일로,기타단일로,승용차,소형,보행자,보행자,1,0,3,0,2
평택시,2014,2014-12-07 18시,야간,일요일,차대사람,횡단중,안전운전 의무 불이행,단일로,기타단일로,승용차,중형,보행자,보행자,1,0,1,0,0
안산시,2014,2014-12-07 01시,야간,일요일,차대사람,횡단중,안전운전 의무 불이행,단일로,기타단일로,승용차,소형,보행자,보행자,1,0,1,0,0
부천시,2014,2014-12-06 21시,야간,토요일,차대사람,기타,안전운전 의무 불이행,단일로,기타단일로,승합차,대형,보행자,보행자,1,0,2,0,1
고양시,2014,2014-12-06 06시,주간,토요일,차대사람,횡단중,안전운전 의무 불이행,단일로,횡단보도상,승합차,대형,보행자,보행자,1,0,1,0,0
고양시,2014,2014-12-05 23시,야간,금요일,차대사람,횡단중,안전운전 의무 불이행,단일로,기타단일로,승용차,중형,보행자,보행자,1,0,1,0,0
포천시,2014,2014-12-05 14시,주간,금요일,차대차,진행중 추돌,안전운전 의무 불이행,교차로,교차로내,화물차,소형,이륜차,소형,1,0,1,0,0
이천시,2014,2014-12-05 13시,주간,금요일,차대차,측면충돌,안전운전 의무 불이행,교차로,교차로내,이륜차,중형,승합차,소형,1,0,1,0,0
용인시,2014,2014-12-05 03시,야간,금요일,차량단독,공작물충돌,안전운전 의무 불이행,교차로,교차로부근,승용차,중형,없음,없음,1,0,1,0,0
용인시,2014,2014-12-04 23시,야간,목요일,차대사람,기타,안전운전 의무 불이행,단일로,기타단일로,승합차,대형,보행자,보행자,1,0,1,0,0
부천시,2014,2014-12-04 22시,야간,목요일,차대차,진행중 추돌,신호위반,교차로,교차로내,화물차,소형,승용차,중형,1,2,3,0,0
고양시,2014,2014-12-04 19시,야간,목요일,차대차,주정차중 추돌,안전운전 의무 불이행,단일로,기타단일로,승용차,중형,승합차,대형,1,0,1,0,0
포천시,2014,2014-12-04 17시,주간,목요일,차대차,측면충돌,안전운전 의무 불이행,교차로,교차로내,승용차,중형,건설기계,건설기계,1,0,2,0,1
평택시,2014,2014-12-04 15시,주간,목요일,차대차,진행중 추돌,안전운전 의무 불이행,단일로,기타단일로,화물차,경형,화물차,경형,1,0,2,0,1
구리시,2014,2014-12-04 13시,주간,목요일,차대사람,횡단중,안전운전 의무 불이행,교차로,교차로내,건설기계,건설기계,보행자,보행자,1,0,1,0,0
남양주시,2014,2014-12-04 06시,주간,목요일,차대사람,횡단중,신호위반,교차로,교차로부근,화물차,소형,보행자,보행자,1,0,1,0,0
수원시,2014,2014-12-04 05시,야간,목요일,차대사람,횡단중,안전운전 의무 불이행,단일로,기타단일로,승용차,중형,보행자,보행자,1,0,1,0,0
화성시,2014,2014-12-03 19시,야간,수요일,차대사람,횡단중,보행자 보호의무 위반,교차로,교차로내,승합차,중형,보행자,보행자,1,0,1,0,0
양주시,2014,2014-12-03 17시,주간,수요일,차대사람,횡단중,안전운전 의무 불이행,단일로,기타단일로,화물차,중형,보행자,보행자,1,0,1,0,0
용인시,2014,2014-12-02 16시,주간,화요일,차대사람,횡단중,신호위반,단일로,기타단일로,승용차,소형,보행자,보행자,1,0,1,0,0
여주시,2014,2014-12-02 06시,주간,화요일,차대사람,횡단중,보행자 보호의무 위반,단일로,횡단보도상,승용차,경형,보행자,보행자,1,0,1,0,0
용인시,2014,2014-12-02 04시,야간,화요일,차량단독,기타,안전운전 의무 불이행,기타/불명,기타/불명,승용차,대형,없음,없음,1,0,1,0,0
양주시,2014,2014-12-01 19시,야간,월요일,차대차,측면충돌,신호위반,교차로,교차로내,승용차,중형,이륜차,중형,1,0,1,0,0
포천시,2014,2014-12-01 16시,주간,월요일,차대차,진행중 추돌,안전운전 의무 불이행,단일로,기타단일로,화물차,소형,건설기계,건설기계,1,0,1,0,0
안양시,2014,2014-12-01 01시,야간,월요일,차대사람,횡단중,안전운전 의무 불이행,단일로,기타단일로,승용차,중형,보행자,보행자,1,0,1,0,0
안성시,2014,2014-11-30 17시,주간,일요일,차량단독,공작물충돌,안전운전 의무 불이행,단일로,기타단일로,승용차,대형,없음,없음,1,0,1,0,0
광명시,2014,2014-11-30 12시,주간,일요일,차대사람,기타,안전운전 의무 불이행,교차로,교차로내,승용차,중형,보행자,보행자,1,0,1,0,0
김포시,2014,2014-11-30 06시,주간,일요일,차대사람,횡단중,안전운전 의무 불이행,교차로,교차로부근,승합차,대형,보행자,보행자,1,0,1,0,0
수원시,2014,2014-11-30 05시,야간,일요일,차량단독,기타,안전운전 의무 불이행,단일로,기타단일로,이륜차,소형,없음,없음,1,0,1,0,0
가평군,2014,2014-11-30 01시,야간,일요일,차량단독,공작물충돌,안전운전 의무 불이행,단일로,기타단일로,승용차,중형,없음,없음,1,0,1,0,0
평택시,2014,2014-11-30 00시,야간,일요일,차대차,주정차중 추돌,안전운전 의무 불이행,단일로,기타단일로,승용차,경형,화물차,중형,5,0,5,0,0
성남시,2014,2014-11-30 00시,야간,일요일,차대차,주정차중 추돌,안전운전 의무 불이행,교차로,교차로내,승용차,중형,승용차,중형,1,0,1,0,0
안양시,2014,2014-11-29 22시,야간,토요일,차대사람,횡단중,안전운전 의무 불이행,단일로,기타단일로,승용차,중형,보행자,보행자,1,0,1,0,0
양주시,2014,2014-11-29 17시,주간,토요일,차량단독,공작물충돌,안전운전 의무 불이행,교차로,교차로부근,특수차,소형,없음,없음,1,0,1,0,0
김포시,2014,2014-11-29 15시,주간,토요일,차대차,기타,중앙선 침범,단일로,기타단일로,승용차,중형,자전거,자전거,1,1,2,0,0
화성시,2014,2014-11-29 15시,주간,토요일,차대사람,횡단중,교차로 통행방법 위반,교차로,교차로내,승용차,대형,보행자,보행자,1,0,1,0,0
안양시,2014,2014-11-29 12시,주간,토요일,차대차,기타,안전운전 의무 불이행,단일로,기타단일로,원동기장치자전거,원동기장치자전거,승용차,중형,1,0,1,0,0
안산시,2014,2014-11-29 07시,주간,토요일,차대사람,횡단중,안전운전 의무 불이행,교차로,교차로내,화물차,소형,보행자,보행자,1,0,1,0,0
광주시,2014,2014-11-28 08시,주간,금요일,차량단독,공작물충돌,안전운전 의무 불이행,단일로,기타단일로,승용차,소형,없음,없음,1,0,1,0,0
수원시,2014,2014-11-27 17시,주간,목요일,차대사람,횡단중,안전운전 의무 불이행,단일로,횡단보도부근,승합차,대형,보행자,보행자,1,1,6,0,4
안산시,2014,2014-11-27 14시,주간,목요일,차대사람,횡단중,안전운전 의무 불이행,단일로,횡단보도상,승용차,중형,보행자,보행자,1,0,1,0,0
시흥시,2014,2014-11-27 10시,주간,목요일,차대차,기타,신호위반,교차로,교차로내,화물차,중형,화물차,중형,1,1,2,0,0
가평군,2014,2014-11-27 10시,주간,목요일,차량단독,전도전복,안전운전 의무 불이행,교차로,교차로부근,원동기장치자전거,원동기장치자전거,없음,없음,1,1,2,0,0
이천시,2014,2014-11-27 10시,주간,목요일,차대차,진행중 추돌,안전운전 의무 불이행,단일로,터널안,승용차,중형,건설기계,건설기계,1,0,2,0,1
성남시,2014,2014-11-26 23시,야간,수요일,차대사람,횡단중,안전운전 의무 불이행,단일로,기타단일로,승용차,중형,보행자,보행자,1,0,1,0,0
성남시,2014,2014-11-25 20시,야간,화요일,차대사람,횡단중,안전운전 의무 불이행,단일로,횡단보도상,승합차,대형,보행자,보행자,1,1,2,0,0
하남시,2014,2014-11-25 20시,야간,화요일,차대사람,횡단중,안전운전 의무 불이행,교차로,교차로부근,승용차,소형,보행자,보행자,1,0,1,0,0
평택시,2014,2014-11-25 18시,야간,화요일,차대차,기타,안전운전 의무 불이행,단일로,기타단일로,화물차,소형,승용차,중형,1,0,1,0,0
안성시,2014,2014-11-25 18시,야간,화요일,차대사람,차도통행중,안전운전 의무 불이행,단일로,기타단일로,승용차,대형,보행자,보행자,1,0,1,0,0
시흥시,2014,2014-11-25 15시,주간,화요일,차대차,측면충돌,안전운전 의무 불이행,단일로,기타단일로,승용차,중형,화물차,대형,1,0,2,0,1
화성시,2014,2014-11-25 15시,주간,화요일,차대차,기타,안전운전 의무 불이행,단일로,기타단일로,화물차,소형,승용차,소형,1,0,2,0,1
포천시,2014,2014-11-25 11시,주간,화요일,차대차,진행중 추돌,안전운전 의무 불이행,단일로,기타단일로,승합차,소형,이륜차,소형,1,0,1,0,0
여주시,2014,2014-11-24 19시,야간,월요일,차대사람,횡단중,안전운전 의무 불이행,교차로,교차로부근,화물차,소형,보행자,보행자,1,0,1,0,0
이천시,2014,2014-11-23 23시,야간,일요일,차대차,주정차중 추돌,안전운전 의무 불이행,단일로,기타단일로,승용차,중형,화물차,소형,1,0,1,0,0
가평군,2014,2014-11-23 17시,주간,일요일,차대사람,보도통행중,안전운전 의무 불이행,단일로,기타단일로,승용차,중형,보행자,보행자,1,0,1,0,0
가평군,2014,2014-11-23 07시,주간,일요일,차대차,주정차중 추돌,안전운전 의무 불이행,교차로,교차로부근,승용차,경형,승용차,중형,1,0,3,2,0
광주시,2014,2014-11-23 03시,야간,일요일,차량단독,공작물충돌,안전운전 의무 불이행,단일로,교량위,승용차,중형,없음,없음,1,0,1,0,0
여주시,2014,2014-11-22 22시,야간,토요일,차대차,기타,안전운전 의무 불이행,단일로,기타단일로,승용차,중형,화물차,소형,1,0,3,0,2
수원시,2014,2014-11-22 20시,야간,토요일,차대사람,횡단중,신호위반,교차로,교차로내,승용차,중형,보행자,보행자,1,0,1,0,0
시흥시,2014,2014-11-22 06시,주간,토요일,차대사람,기타,안전운전 의무 불이행,교차로,교차로부근,승합차,대형,보행자,보행자,1,0,1,0,0
안산시,2014,2014-11-21 15시,주간,금요일,차대사람,횡단중,보행자 보호의무 위반,교차로,교차로내,승용차,중형,보행자,보행자,1,0,1,0,0
수원시,2014,2014-11-21 06시,주간,금요일,차대사람,횡단중,안전운전 의무 불이행,교차로,교차로내,승합차,대형,보행자,보행자,1,0,1,0,0
양주시,2014,2014-11-20 21시,야간,목요일,차대사람,횡단중,안전운전 의무 불이행,교차로,교차로부근,승용차,소형,보행자,보행자,1,0,1,0,0
시흥시,2014,2014-11-19 01시,야간,수요일,차대차,기타,안전운전 의무 불이행,교차로,교차로부근,화물차,소형,화물차,소형,1,2,4,0,1
시흥시,2014,2014-11-19 01시,야간,수요일,차대차,주정차중 추돌,안전운전 의무 불이행,교차로,교차로부근,화물차,경형,화물차,소형,1,2,4,0,1
구리시,2014,2014-11-19 01시,야간,수요일,차대사람,차도통행중,안전운전 의무 불이행,단일로,기타단일로,화물차,소형,보행자,보행자,1,0,1,0,0
포천시,2014,2014-11-18 20시,야간,화요일,차대사람,차도통행중,안전운전 의무 불이행,단일로,기타단일로,건설기계,건설기계,보행자,보행자,1,0,1,0,0
포천시,2014,2014-11-18 19시,야간,화요일,차대사람,횡단중,과속,단일로,기타단일로,승용차,중형,보행자,보행자,1,0,1,0,0
연천군,2014,2014-11-18 16시,주간,화요일,차대차,측면충돌,안전운전 의무 불이행,교차로,교차로부근,자전거,자전거,화물차,중형,1,0,1,0,0
고양시,2014,2014-11-18 02시,야간,화요일,차대사람,기타,안전운전 의무 불이행,교차로,교차로부근,승용차,중형,보행자,보행자,1,0,1,0,0
수원시,2014,2014-11-17 18시,야간,월요일,차대차,측면충돌,신호위반,교차로,교차로내,자전거,자전거,승용차,대형,1,0,1,0,0
부천시,2014,2014-11-17 06시,주간,월요일,차대사람,횡단중,안전운전 의무 불이행,교차로,교차로부근,승용차,대형,보행자,보행자,1,0,1,0,0
안산시,2014,2014-11-17 03시,야간,월요일,차대사람,기타,안전운전 의무 불이행,단일로,기타단일로,화물차,중형,보행자,보행자,1,1,2,0,0
시흥시,2014,2014-11-17 00시,야간,월요일,차량단독,공작물충돌,안전운전 의무 불이행,단일로,기타단일로,승용차,중형,없음,없음,1,1,2,0,0
수원시,2014,2014-11-15 01시,야간,토요일,차대사람,기타,안전운전 의무 불이행,단일로,기타단일로,승용차,소형,보행자,보행자,1,0,1,0,0
양주시,2014,2014-11-14 18시,야간,금요일,차대사람,길가장자리구역통행중,안전운전 의무 불이행,단일로,기타단일로,승용차,중형,보행자,보행자,1,0,1,0,0
김포시,2014,2014-11-14 06시,주간,금요일,차대차,측면충돌,중앙선 침범,단일로,기타단일로,화물차,소형,화물차,소형,1,1,4,0,2
고양시,2014,2014-11-13 21시,야간,목요일,차량단독,공작물충돌,안전운전 의무 불이행,단일로,기타단일로,화물차,소형,없음,없음,1,0,1,0,0
파주시,2014,2014-11-13 15시,주간,목요일,차대차,기타,신호위반,교차로,교차로내,승합차,대형,자전거,자전거,1,0,1,0,0
포천시,2014,2014-11-13 10시,주간,목요일,차대차,진행중 추돌,중앙선 침범,단일로,기타단일로,승용차,중형,화물차,소형,1,1,2,0,0
이천시,2014,2014-11-11 23시,야간,화요일,차량단독,공작물충돌,안전운전 의무 불이행,단일로,기타단일로,승합차,소형,없음,없음,1,0,1,0,0
시흥시,2014,2014-11-10 19시,야간,월요일,차대사람,기타,안전운전 의무 불이행,단일로,기타단일로,승용차,중형,보행자,보행자,1,0,1,0,0
안성시,2014,2014-11-10 14시,주간,월요일,차대차,기타,안전운전 의무 불이행,단일로,기타단일로,화물차,소형,건설기계,건설기계,1,0,2,0,1
용인시,2014,2014-11-10 12시,주간,월요일,차대차,진행중 추돌,안전운전 의무 불이행,단일로,기타단일로,화물차,소형,농기계,농기계,1,0,1,0,0
가평군,2014,2014-11-09 23시,야간,일요일,차량단독,공작물충돌,안전운전 의무 불이행,교차로,교차로부근,승합차,소형,없음,없음,1,0,1,0,0
시흥시,2014,2014-11-09 17시,주간,일요일,차대차,정면충돌,중앙선 침범,단일로,기타단일로,이륜차,소형,승용차,중형,1,0,1,0,0
평택시,2014,2014-11-08 21시,야간,토요일,차대사람,차도통행중,안전운전 의무 불이행,단일로,기타단일로,화물차,소형,보행자,보행자,1,1,2,0,0
평택시,2014,2014-11-07 22시,야간,금요일,차대사람,기타,안전운전 의무 불이행,단일로,기타단일로,승용차,경형,보행자,보행자,1,0,1,0,0
양평군,2014,2014-11-07 14시,주간,금요일,차대차,측면충돌,안전운전 의무 불이행,단일로,기타단일로,승용차,대형,승합차,소형,1,0,2,0,1
용인시,2014,2014-11-07 02시,야간,금요일,차대차,주정차중 추돌,안전운전 의무 불이행,단일로,기타단일로,이륜차,소형,화물차,중형,1,0,1,0,0
연천군,2014,2014-11-06 23시,야간,목요일,차량단독,공작물충돌,안전운전 의무 불이행,단일로,기타단일로,화물차,경형,없음,없음,2,1,4,0,1
수원시,2014,2014-11-06 17시,주간,목요일,차대차,측면충돌,신호위반,교차로,교차로내,자전거,자전거,자전거,자전거,1,0,1,0,0
성남시,2014,2014-11-06 10시,주간,목요일,차대사람,기타,안전운전 의무 불이행,단일로,횡단보도상,화물차,중형,보행자,보행자,1,0,1,0,0
포천시,2014,2014-11-06 07시,주간,목요일,차대차,진행중 추돌,중앙선 침범,단일로,기타단일로,승용차,중형,승용차,대형,1,2,3,0,0
양주시,2014,2014-11-06 06시,주간,목요일,차대차,기타,안전운전 의무 불이행,단일로,기타단일로,화물차,대형,자전거,자전거,1,0,1,0,0
남양주시,2014,2014-11-05 18시,야간,수요일,차대사람,횡단중,안전운전 의무 불이행,단일로,기타단일로,화물차,소형,보행자,보행자,1,0,1,0,0
가평군,2014,2014-11-05 15시,주간,수요일,차량단독,도로이탈 추락,안전운전 의무 불이행,기타/불명,기타/불명,이륜차,중형,없음,없음,1,0,1,0,0
동두천시,2014,2014-11-05 06시,주간,수요일,차대사람,횡단중,보행자 보호의무 위반,단일로,기타단일로,승용차,중형,보행자,보행자,1,0,1,0,0
안성시,2014,2014-11-05 06시,주간,수요일,차대사람,횡단중,안전운전 의무 불이행,단일로,기타단일로,화물차,소형,보행자,보행자,1,0,1,0,0
가평군,2014,2014-11-05 01시,야간,수요일,차량단독,기타,안전운전 의무 불이행,단일로,기타단일로,승용차,소형,없음,없음,1,0,1,0,0
안양시,2014,2014-11-04 20시,야간,화요일,차대사람,횡단중,안전운전 의무 불이행,단일로,횡단보도상,승합차,대형,보행자,보행자,1,0,1,0,0
평택시,2014,2014-11-04 18시,야간,화요일,차대사람,횡단중,안전운전 의무 불이행,단일로,기타단일로,화물차,경형,보행자,보행자,1,0,1,0,0
용인시,2014,2014-11-04 16시,주간,화요일,차대차,기타,안전운전 의무 불이행,교차로,교차로부근,승용차,중형,승용차,중형,1,0,3,0,2
수원시,2014,2014-11-04 13시,주간,화요일,차대차,측면충돌,중앙선 침범,교차로,교차로내,승용차,중형,화물차,소형,1,0,2,1,0
여주시,2014,2014-11-04 06시,주간,화요일,차대사람,기타,안전운전 의무 불이행,교차로,교차로내,화물차,소형,보행자,보행자,1,0,1,0,0
평택시,2014,2014-11-04 05시,야간,화요일,차대차,기타,안전운전 의무 불이행,교차로,교차로내,화물차,소형,승용차,소형,1,0,1,0,0
성남시,2014,2014-11-03 18시,야간,월요일,차대사람,기타,안전운전 의무 불이행,단일로,기타단일로,승용차,중형,보행자,보행자,1,0,1,0,0
연천군,2014,2014-11-03 17시,주간,월요일,차대차,정면충돌,중앙선 침범,교차로,교차로부근,화물차,소형,승용차,중형,1,2,3,0,0
광주시,2014,2014-11-03 16시,주간,월요일,차대사람,기타,안전운전 의무 불이행,단일로,기타단일로,화물차,대형,보행자,보행자,1,0,1,0,0
포천시,2014,2014-11-03 16시,주간,월요일,차대차,기타,안전거리 미확보,교차로,교차로부근,승용차,경형,화물차,소형,1,0,1,0,0
용인시,2014,2014-11-03 05시,야간,월요일,차대사람,횡단중,안전운전 의무 불이행,단일로,기타단일로,승용차,중형,보행자,보행자,1,0,1,0,0
의정부시,2014,2014-11-02 21시,야간,일요일,차대차,주정차중 추돌,안전운전 의무 불이행,단일로,기타단일로,승용차,중형,화물차,중형,1,2,4,1,0
양평군,2014,2014-11-02 18시,야간,일요일,차대차,진행중 추돌,안전운전 의무 불이행,단일로,기타단일로,승용차,중형,농기계,농기계,1,0,1,0,0
포천시,2014,2014-11-02 00시,야간,일요일,차대사람,차도통행중,안전운전 의무 불이행,단일로,기타단일로,승용차,경형,보행자,보행자,1,0,1,0,0
고양시,2014,2014-11-01 23시,야간,토요일,차대차,기타,중앙선 침범,단일로,기타단일로,승용차,중형,승용차,중형,1,1,5,0,3
의정부시,2014,2014-11-01 11시,주간,토요일,차대사람,보도통행중,안전운전 의무 불이행,단일로,기타단일로,승용차,중형,보행자,보행자,1,0,1,0,0
안성시,2014,2014-11-01 03시,야간,토요일,차대사람,차도통행중,과속,단일로,기타단일로,승용차,중형,보행자,보행자,1,0,1,0,0
평택시,2014,2014-10-31 15시,주간,금요일,차대차,측면충돌,안전운전 의무 불이행,단일로,기타단일로,화물차,중형,화물차,소형,1,0,1,0,0
화성시,2014,2014-10-31 08시,주간,금요일,차대사람,보도통행중,안전운전 의무 불이행,단일로,기타단일로,승용차,경형,보행자,보행자,1,0,1,0,0
고양시,2014,2014-10-31 06시,주간,금요일,차대사람,횡단중,안전운전 의무 불이행,단일로,횡단보도상,화물차,소형,보행자,보행자,1,0,1,0,0
평택시,2014,2014-10-31 04시,야간,금요일,차량단독,공작물충돌,안전운전 의무 불이행,단일로,기타단일로,승합차,경형,없음,없음,1,0,1,0,0
용인시,2014,2014-10-30 19시,야간,목요일,차대사람,횡단중,보행자 보호의무 위반,교차로,교차로내,승용차,중형,보행자,보행자,1,1,2,0,0
이천시,2014,2014-10-29 19시,야간,수요일,차대사람,기타,안전운전 의무 불이행,교차로,교차로내,승용차,경형,보행자,보행자,1,0,1,0,0
화성시,2014,2014-10-29 17시,주간,수요일,차대차,기타,안전거리 미확보,교차로,교차로부근,승용차,중형,승합차,대형,1,0,1,0,0
시흥시,2014,2014-10-29 12시,주간,수요일,차대사람,횡단중,안전운전 의무 불이행,교차로,교차로부근,화물차,소형,보행자,보행자,1,0,1,0,0
화성시,2014,2014-10-29 07시,주간,수요일,차대사람,기타,안전운전 의무 불이행,단일로,기타단일로,승용차,소형,보행자,보행자,1,0,1,0,0
화성시,2014,2014-10-28 19시,야간,화요일,차대사람,길가장자리구역통행중,안전운전 의무 불이행,단일로,기타단일로,화물차,경형,보행자,보행자,1,0,1,0,0
포천시,2014,2014-10-28 19시,야간,화요일,차대사람,횡단중,신호위반,단일로,기타단일로,승용차,중형,보행자,보행자,1,0,1,0,0
성남시,2014,2014-10-28 18시,야간,화요일,차대사람,횡단중,안전운전 의무 불이행,단일로,기타단일로,승용차,중형,보행자,보행자,1,0,1,0,0
부천시,2014,2014-10-27 04시,야간,월요일,차대사람,횡단중,안전운전 의무 불이행,교차로,교차로부근,화물차,소형,보행자,보행자,1,0,1,0,0
평택시,2014,2014-10-27 00시,야간,월요일,차대차,기타,안전운전 의무 불이행,단일로,기타단일로,승용차,중형,승용차,중형,1,0,1,0,0
수원시,2014,2014-10-26 22시,야간,일요일,차대사람,횡단중,안전운전 의무 불이행,단일로,횡단보도상,이륜차,소형,보행자,보행자,1,1,2,0,0
포천시,2014,2014-10-26 20시,야간,일요일,차대사람,횡단중,안전운전 의무 불이행,단일로,기타단일로,승용차,경형,보행자,보행자,1,0,1,0,0
화성시,2014,2014-10-26 19시,야간,일요일,차대사람,기타,안전운전 의무 불이행,단일로,기타단일로,승용차,중형,보행자,보행자,1,0,1,0,0
파주시,2014,2014-10-26 19시,야간,일요일,차대사람,횡단중,안전운전 의무 불이행,단일로,기타단일로,승용차,소형,보행자,보행자,1,0,1,0,0
양평군,2014,2014-10-26 18시,야간,일요일,차대차,진행중 추돌,안전운전 의무 불이행,단일로,기타단일로,원동기장치자전거,원동기장치자전거,농기계,농기계,1,0,1,0,0
용인시,2014,2014-10-26 05시,야간,일요일,차대사람,횡단중,보행자 보호의무 위반,교차로,교차로부근,승용차,중형,보행자,보행자,1,0,1,0,0
하남시,2014,2014-10-26 04시,야간,일요일,차량단독,도로이탈 기타,안전운전 의무 불이행,단일로,기타단일로,승용차,중형,없음,없음,1,2,3,0,0
양주시,2014,2014-10-25 17시,주간,토요일,차대차,정면충돌,안전운전 의무 불이행,교차로,교차로부근,자전거,자전거,화물차,소형,1,0,1,0,0
부천시,2014,2014-10-25 15시,주간,토요일,차대차,주정차중 추돌,안전운전 의무 불이행,단일로,기타단일로,자전거,자전거,화물차,소형,1,0,1,0,0
평택시,2014,2014-10-25 04시,야간,토요일,차량단독,공작물충돌,안전운전 의무 불이행,교차로,교차로부근,원동기장치자전거,원동기장치자전거,없음,없음,1,0,1,0,0
고양시,2014,2014-10-24 23시,야간,금요일,차대사람,기타,안전운전 의무 불이행,단일로,기타단일로,자전거,자전거,보행자,보행자,1,0,1,0,0