시군명,발생년도,발생일자,주야구분명,사고요일,사고유형_대분류,사고유형,법규위반내용,도로형태_대분류,도로형태,당사자1_대분류,당사자1_차종,당사자2_대분류,당사자2_차종,사망자수,중상자수,부상자수,부상신고자수,경상자수
파주시,2014,2014-05-23 01시,야간,금요일,차대사람,기타,안전운전 의무 불이행,단일로,기타단일로,승용차,중형,보행자,보행자,1,0,1,0,0
양평군,2014,2014-05-22 22시,야간,목요일,차대사람,횡단중,과속,교차로,교차로부근,승용차,대형,보행자,보행자,1,0,1,0,0
양평군,2014,2014-05-22 22시,야간,목요일,차대차,정면충돌,중앙선 침범,단일로,기타단일로,이륜차,소형,승합차,중형,1,0,1,0,0
광주시,2014,2014-05-22 20시,야간,목요일,차대사람,길가장자리구역통행중,안전운전 의무 불이행,단일로,기타단일로,화물차,경형,보행자,보행자,1,0,1,0,0
고양시,2014,2014-05-22 15시,주간,목요일,차대차,기타,안전운전 의무 불이행,교차로,교차로부근,화물차,대형,원동기장치자전거,원동기장치자전거,1,0,1,0,0
안양시,2014,2014-05-22 01시,야간,목요일,차대차,정면충돌,중앙선 침범,단일로,지하차도(도로)내,원동기장치자전거,원동기장치자전거,승용차,중형,1,1,2,0,0
성남시,2014,2014-05-21 14시,주간,수요일,차대차,기타,안전운전 의무 불이행,단일로,기타단일로,승용차,중형,화물차,경형,1,0,1,0,0
평택시,2014,2014-05-21 13시,주간,수요일,차대사람,기타,안전운전 의무 불이행,교차로,교차로부근,승용차,중형,보행자,보행자,1,0,1,0,0
남양주시,2014,2014-05-21 09시,주간,수요일,차대차,측면충돌,안전운전 의무 불이행,단일로,기타단일로,건설기계,건설기계,자전거,자전거,1,0,1,0,0
용인시,2014,2014-05-20 12시,주간,화요일,차대차,진행중 추돌,중앙선 침범,단일로,기타단일로,승용차,대형,승용차,중형,1,0,2,0,1
용인시,2014,2014-05-20 12시,주간,화요일,차대차,주정차중 추돌,안전운전 의무 불이행,단일로,기타단일로,화물차,소형,화물차,대형,1,0,1,0,0
평택시,2014,2014-05-19 22시,야간,월요일,차대사람,기타,안전운전 의무 불이행,단일로,기타단일로,화물차,대형,보행자,보행자,1,0,1,0,0
화성시,2014,2014-05-19 13시,주간,월요일,차대차,측면충돌,안전운전 의무 불이행,단일로,기타단일로,자전거,자전거,승합차,대형,1,0,1,0,0
용인시,2014,2014-05-18 21시,야간,일요일,차대사람,횡단중,과속,단일로,고가도로위,승용차,대형,보행자,보행자,1,0,1,0,0
안산시,2014,2014-05-18 11시,주간,일요일,차대사람,차도통행중,안전운전 의무 불이행,단일로,기타단일로,승용차,중형,보행자,보행자,1,0,1,0,0
수원시,2014,2014-05-17 20시,야간,토요일,차대사람,기타,안전운전 의무 불이행,교차로,교차로부근,승용차,소형,보행자,보행자,1,0,1,0,0
평택시,2014,2014-05-17 01시,야간,토요일,차대차,기타,안전운전 의무 불이행,단일로,기타단일로,화물차,소형,이륜차,중형,1,0,1,0,0
가평군,2014,2014-05-17 00시,야간,토요일,차대사람,횡단중,신호위반,교차로,교차로내,승용차,중형,보행자,보행자,1,0,1,0,0
시흥시,2014,2014-05-16 03시,야간,금요일,차대차,진행중 추돌,안전운전 의무 불이행,단일로,기타단일로,이륜차,대형,원동기장치자전거,원동기장치자전거,2,0,2,0,0
의정부시,2014,2014-05-16 02시,야간,금요일,차대사람,횡단중,과속,교차로,교차로부근,승용차,중형,보행자,보행자,1,0,1,0,0
용인시,2014,2014-05-15 16시,주간,목요일,차대사람,횡단중,안전운전 의무 불이행,단일로,기타단일로,승용차,중형,보행자,보행자,1,0,1,0,0
남양주시,2014,2014-05-15 00시,야간,목요일,차대사람,기타,안전운전 의무 불이행,단일로,기타단일로,화물차,소형,보행자,보행자,1,0,1,0,0
파주시,2014,2014-05-14 17시,주간,수요일,차대사람,기타,안전운전 의무 불이행,교차로,교차로내,화물차,소형,보행자,보행자,1,0,1,0,0
고양시,2014,2014-05-14 11시,주간,수요일,차대차,기타,안전운전 의무 불이행,단일로,기타단일로,승용차,중형,화물차,중형,1,0,1,0,0
구리시,2014,2014-05-14 05시,야간,수요일,차량단독,공작물충돌,과속,단일로,기타단일로,승용차,중형,없음,없음,1,1,2,0,0
안성시,2014,2014-05-13 10시,주간,화요일,차대차,측면충돌,안전운전 의무 불이행,단일로,기타단일로,화물차,소형,특수차,대형,1,1,2,0,0
고양시,2014,2014-05-13 09시,주간,화요일,차대차,주정차중 추돌,안전운전 의무 불이행,단일로,기타단일로,승용차,대형,화물차,중형,4,3,7,0,0
안양시,2014,2014-05-11 19시,야간,일요일,차대사람,횡단중,안전운전 의무 불이행,단일로,기타단일로,승용차,중형,보행자,보행자,1,0,1,0,0
화성시,2014,2014-05-11 07시,주간,일요일,차대차,정면충돌,중앙선 침범,단일로,기타단일로,승용차,대형,원동기장치자전거,원동기장치자전거,1,0,1,0,0
성남시,2014,2014-05-11 07시,주간,일요일,차량단독,기타,안전운전 의무 불이행,단일로,기타단일로,화물차,소형,없음,없음,1,0,1,0,0
구리시,2014,2014-05-11 03시,야간,일요일,차대차,기타,신호위반,교차로,교차로내,승용차,경형,승용차,경형,1,4,5,0,0
연천군,2014,2014-05-10 19시,야간,토요일,차대차,기타,안전운전 의무 불이행,단일로,기타단일로,승용차,소형,자전거,자전거,1,0,1,0,0
고양시,2014,2014-05-10 10시,주간,토요일,차대차,측면충돌,안전운전 의무 불이행,단일로,기타단일로,이륜차,중형,승용차,대형,1,0,1,0,0
부천시,2014,2014-05-09 19시,야간,금요일,차대차,측면충돌,안전운전 의무 불이행,교차로,교차로부근,특수차,대형,자전거,자전거,1,0,1,0,0
평택시,2014,2014-05-09 18시,야간,금요일,차대차,진행중 추돌,안전거리 미확보,단일로,기타단일로,화물차,중형,화물차,대형,1,1,2,0,0
화성시,2014,2014-05-08 15시,주간,목요일,차대사람,기타,안전운전 의무 불이행,교차로,교차로내,화물차,중형,보행자,보행자,1,0,1,0,0
고양시,2014,2014-05-08 13시,주간,목요일,차대차,측면충돌,신호위반,교차로,교차로내,특수차,소형,승용차,중형,1,3,4,0,0
포천시,2014,2014-05-08 08시,주간,목요일,차대차,기타,안전운전 의무 불이행,교차로,교차로내,화물차,소형,자전거,자전거,1,0,1,0,0
김포시,2014,2014-05-07 22시,야간,수요일,차대사람,횡단중,보행자 보호의무 위반,단일로,횡단보도상,화물차,소형,보행자,보행자,1,0,1,0,0
의왕시,2014,2014-05-07 22시,야간,수요일,차대사람,기타,안전운전 의무 불이행,단일로,기타단일로,승용차,중형,보행자,보행자,1,0,1,0,0
화성시,2014,2014-05-06 12시,주간,화요일,차대차,정면충돌,중앙선 침범,교차로,교차로부근,원동기장치자전거,원동기장치자전거,승용차,중형,1,0,2,0,1
부천시,2014,2014-05-05 01시,야간,월요일,차대사람,횡단중,안전운전 의무 불이행,교차로,교차로내,화물차,소형,보행자,보행자,1,0,1,0,0
화성시,2014,2014-05-04 01시,야간,일요일,차량단독,공작물충돌,안전운전 의무 불이행,단일로,기타단일로,승용차,중형,없음,없음,1,0,1,0,0
시흥시,2014,2014-05-04 00시,야간,일요일,차대사람,차도통행중,안전운전 의무 불이행,단일로,기타단일로,승용차,중형,보행자,보행자,1,0,1,0,0
고양시,2014,2014-05-03 18시,야간,토요일,차대사람,기타,안전운전 의무 불이행,단일로,기타단일로,승합차,대형,보행자,보행자,1,0,1,0,0
부천시,2014,2014-05-03 12시,주간,토요일,차대사람,횡단중,안전운전 의무 불이행,단일로,횡단보도상,승합차,대형,보행자,보행자,1,1,4,0,2
시흥시,2014,2014-05-03 04시,야간,토요일,차대사람,횡단중,안전운전 의무 불이행,교차로,교차로부근,승용차,중형,보행자,보행자,1,0,1,0,0
부천시,2014,2014-05-03 02시,야간,토요일,차량단독,공작물충돌,안전운전 의무 불이행,교차로,교차로부근,이륜차,소형,없음,없음,1,1,2,0,0
이천시,2014,2014-05-03 01시,야간,토요일,차대사람,기타,안전운전 의무 불이행,단일로,기타단일로,화물차,경형,보행자,보행자,1,0,1,0,0
이천시,2014,2014-05-02 11시,주간,금요일,차대차,측면충돌,안전운전 의무 불이행,교차로,교차로부근,화물차,대형,자전거,자전거,1,0,1,0,0
안성시,2014,2014-05-02 11시,주간,금요일,차대사람,기타,안전운전 의무 불이행,단일로,기타단일로,화물차,소형,보행자,보행자,1,0,1,0,0
안양시,2014,2014-05-02 07시,주간,금요일,차량단독,전도전복,안전운전 의무 불이행,단일로,터널안,이륜차,대형,없음,없음,1,0,1,0,0
평택시,2014,2014-05-01 19시,야간,목요일,차대차,기타,안전운전 의무 불이행,단일로,기타단일로,승용차,중형,승용차,대형,2,2,7,2,1
수원시,2014,2014-05-01 09시,주간,목요일,차대차,기타,부당한 회전,교차로,교차로내,이륜차,소형,승합차,대형,1,0,1,0,0
안성시,2014,2014-04-30 19시,야간,수요일,차대사람,차도통행중,안전운전 의무 불이행,단일로,기타단일로,승용차,소형,보행자,보행자,1,0,1,0,0
남양주시,2014,2014-04-30 16시,주간,수요일,차대차,정면충돌,중앙선 침범,교차로,교차로부근,승용차,경형,승용차,경형,1,0,5,0,4
수원시,2014,2014-04-30 14시,주간,수요일,차대사람,보도통행중,안전운전 의무 불이행,단일로,기타단일로,승용차,중형,보행자,보행자,1,2,5,0,2
가평군,2014,2014-04-29 16시,주간,화요일,차량단독,기타,기타(운전자법규위반),기타/불명,기타/불명,자전거,자전거,없음,없음,1,0,1,0,0
이천시,2014,2014-04-28 13시,주간,월요일,차대사람,기타,안전운전 의무 불이행,단일로,기타단일로,화물차,소형,보행자,보행자,1,2,3,0,0
성남시,2014,2014-04-28 03시,야간,월요일,차대차,기타,신호위반,교차로,교차로내,승용차,경형,승합차,대형,1,2,7,0,4
평택시,2014,2014-04-27 22시,야간,일요일,차대차,기타,신호위반,교차로,교차로내,승용차,대형,승용차,중형,1,1,2,0,0
부천시,2014,2014-04-27 21시,야간,일요일,차대사람,횡단중,안전운전 의무 불이행,단일로,기타단일로,승용차,중형,보행자,보행자,1,0,1,0,0
여주시,2014,2014-04-27 18시,야간,일요일,차량단독,전도전복,안전운전 의무 불이행,단일로,기타단일로,승용차,중형,없음,없음,1,1,2,0,0
안양시,2014,2014-04-27 08시,주간,일요일,차대차,정면충돌,신호위반,교차로,교차로내,승합차,대형,승용차,중형,1,0,1,0,0
수원시,2014,2014-04-27 05시,야간,일요일,차대사람,횡단중,안전운전 의무 불이행,단일로,기타단일로,승용차,중형,보행자,보행자,1,0,1,0,0
안산시,2014,2014-04-27 04시,야간,일요일,차대사람,기타,안전운전 의무 불이행,단일로,기타단일로,승용차,중형,보행자,보행자,1,0,1,0,0
광명시,2014,2014-04-26 17시,주간,토요일,차대차,측면충돌,신호위반,교차로,교차로내,승합차,대형,원동기장치자전거,원동기장치자전거,1,0,1,0,0
의정부시,2014,2014-04-26 09시,주간,토요일,차량단독,공작물충돌,안전운전 의무 불이행,단일로,기타단일로,화물차,소형,없음,없음,1,0,1,0,0
수원시,2014,2014-04-26 08시,주간,토요일,차량단독,공작물충돌,안전운전 의무 불이행,단일로,기타단일로,이륜차,소형,없음,없음,1,0,2,1,0
광명시,2014,2014-04-26 05시,야간,토요일,차대차,진행중 추돌,안전운전 의무 불이행,교차로,교차로부근,화물차,소형,화물차,소형,1,0,2,0,1
고양시,2014,2014-04-25 22시,야간,금요일,차대사람,횡단중,신호위반,교차로,교차로부근,승합차,대형,보행자,보행자,1,0,1,0,0
여주시,2014,2014-04-25 15시,주간,금요일,차대차,기타,안전운전 의무 불이행,교차로,교차로내,원동기장치자전거,원동기장치자전거,승용차,중형,1,0,1,0,0
수원시,2014,2014-04-24 19시,야간,목요일,차대사람,기타,안전운전 의무 불이행,교차로,교차로부근,승합차,대형,보행자,보행자,1,0,1,0,0
평택시,2014,2014-04-24 14시,주간,목요일,차량단독,전도전복,안전운전 의무 불이행,단일로,기타단일로,이륜차,소형,없음,없음,1,0,1,0,0
양평군,2014,2014-04-23 21시,야간,수요일,차량단독,전도전복,안전운전 의무 불이행,단일로,기타단일로,승용차,소형,없음,없음,1,1,2,0,0
동두천시,2014,2014-04-23 20시,야간,수요일,차대차,기타,안전운전 의무 불이행,단일로,기타단일로,화물차,소형,자전거,자전거,1,0,1,0,0
파주시,2014,2014-04-23 15시,주간,수요일,차대차,진행중 추돌,안전운전 의무 불이행,단일로,기타단일로,승용차,중형,승용차,소형,1,1,3,0,1
평택시,2014,2014-04-22 22시,야간,화요일,차대사람,기타,안전운전 의무 불이행,단일로,기타단일로,승용차,경형,보행자,보행자,1,0,1,0,0
안양시,2014,2014-04-22 20시,야간,화요일,차대사람,횡단중,안전운전 의무 불이행,단일로,기타단일로,승용차,중형,보행자,보행자,1,0,1,0,0
남양주시,2014,2014-04-21 22시,야간,월요일,차량단독,전도전복,안전운전 의무 불이행,단일로,기타단일로,원동기장치자전거,원동기장치자전거,없음,없음,1,0,1,0,0
평택시,2014,2014-04-21 17시,주간,월요일,차대차,주정차중 추돌,안전운전 의무 불이행,교차로,교차로부근,화물차,소형,화물차,대형,1,0,2,0,1
광명시,2014,2014-04-21 06시,주간,월요일,차대차,진행중 추돌,안전거리 미확보,교차로,교차로부근,승합차,대형,승합차,대형,1,2,6,1,2
남양주시,2014,2014-04-20 19시,야간,일요일,차대사람,기타,안전운전 의무 불이행,교차로,교차로부근,승용차,중형,보행자,보행자,1,0,1,0,0
양평군,2014,2014-04-20 16시,주간,일요일,차량단독,전도전복,안전운전 의무 불이행,교차로,교차로내,이륜차,사발이,없음,없음,1,0,1,0,0
성남시,2014,2014-04-20 07시,주간,일요일,차대차,진행중 추돌,안전거리 미확보,기타/불명,기타/불명,승용차,소형,승용차,소형,1,1,3,0,1
안산시,2014,2014-04-19 05시,야간,토요일,차량단독,공작물충돌,안전운전 의무 불이행,단일로,기타단일로,승용차,중형,없음,없음,1,0,1,0,0
고양시,2014,2014-04-18 17시,주간,금요일,차대차,측면충돌,교차로 통행방법 위반,교차로,교차로내,화물차,소형,원동기장치자전거,원동기장치자전거,1,0,1,0,0
용인시,2014,2014-04-18 15시,주간,금요일,차대차,진행중 추돌,안전운전 의무 불이행,단일로,기타단일로,화물차,중형,승용차,중형,1,0,2,0,1
성남시,2014,2014-04-16 05시,야간,수요일,차대차,진행중 추돌,안전운전 의무 불이행,단일로,지하차도(도로)내,승용차,중형,승용차,경형,1,2,3,0,0
양평군,2014,2014-04-15 15시,주간,화요일,차량단독,도로이탈 추락,안전운전 의무 불이행,단일로,기타단일로,이륜차,사발이,없음,없음,1,0,1,0,0
화성시,2014,2014-04-12 11시,주간,토요일,차대사람,차도통행중,안전운전 의무 불이행,단일로,기타단일로,화물차,소형,보행자,보행자,1,0,1,0,0
구리시,2014,2014-04-12 06시,주간,토요일,차대차,진행중 추돌,신호위반,교차로,교차로내,건설기계,건설기계,승용차,소형,1,2,5,0,2
안산시,2014,2014-04-12 03시,야간,토요일,차대사람,기타,안전운전 의무 불이행,단일로,기타단일로,승용차,중형,보행자,보행자,1,0,1,0,0
오산시,2014,2014-04-12 00시,야간,토요일,차량단독,공작물충돌,안전운전 의무 불이행,교차로,교차로부근,승용차,소형,없음,없음,1,1,2,0,0
안산시,2014,2014-04-11 22시,야간,금요일,차대사람,횡단중,안전운전 의무 불이행,기타/불명,기타/불명,승합차,대형,보행자,보행자,1,1,2,0,0
시흥시,2014,2014-04-11 11시,주간,금요일,차대차,기타,직진 및 우회전차의 통행방해,교차로,교차로내,화물차,소형,이륜차,소형,1,0,1,0,0
안성시,2014,2014-04-11 03시,야간,금요일,차대차,기타,안전운전 의무 불이행,단일로,기타단일로,승용차,경형,화물차,대형,1,0,1,0,0
화성시,2014,2014-04-10 17시,주간,목요일,차대차,정면충돌,중앙선 침범,단일로,기타단일로,승용차,대형,승합차,대형,1,0,4,0,3
용인시,2014,2014-04-10 11시,주간,목요일,차량단독,기타,기타(운전자법규위반),단일로,기타단일로,화물차,소형,없음,없음,1,0,1,0,0
고양시,2014,2014-04-10 08시,주간,목요일,차대사람,기타,보행자 보호의무 위반,단일로,기타단일로,화물차,대형,보행자,보행자,1,0,1,0,0
화성시,2014,2014-04-10 03시,야간,목요일,차량단독,전도전복,안전운전 의무 불이행,단일로,기타단일로,승용차,중형,없음,없음,1,0,1,0,0
안산시,2014,2014-04-09 18시,야간,수요일,차량단독,공작물충돌,안전운전 의무 불이행,단일로,기타단일로,승용차,중형,없음,없음,1,0,1,0,0
안성시,2014,2014-04-07 14시,주간,월요일,차대차,주정차중 추돌,안전운전 의무 불이행,단일로,기타단일로,화물차,소형,화물차,대형,1,0,1,0,0
광명시,2014,2014-04-07 09시,주간,월요일,차대차,측면충돌,부당한 회전,교차로,교차로부근,자전거,자전거,화물차,소형,1,0,1,0,0
양주시,2014,2014-04-07 08시,주간,월요일,차대차,기타,안전운전 의무 불이행,교차로,교차로내,승용차,중형,자전거,자전거,1,0,1,0,0
화성시,2014,2014-04-06 02시,야간,일요일,차대사람,기타,안전운전 의무 불이행,단일로,횡단보도부근,승용차,중형,보행자,보행자,1,0,1,0,0
시흥시,2014,2014-04-05 21시,야간,토요일,차대차,진행중 추돌,안전운전 의무 불이행,단일로,기타단일로,화물차,경형,화물차,소형,1,0,1,0,0
광주시,2014,2014-04-05 05시,야간,토요일,차량단독,전도전복,안전운전 의무 불이행,단일로,기타단일로,승용차,대형,없음,없음,1,1,2,0,0
성남시,2014,2014-04-05 02시,야간,토요일,차대사람,횡단중,안전운전 의무 불이행,단일로,기타단일로,화물차,경형,보행자,보행자,1,0,1,0,0
안산시,2014,2014-04-05 01시,야간,토요일,차량단독,기타,안전운전 의무 불이행,단일로,기타단일로,이륜차,중형,없음,없음,1,0,1,0,0
안산시,2014,2014-04-04 21시,야간,금요일,차대차,기타,과속,단일로,기타단일로,승합차,대형,승용차,중형,1,16,24,0,7
화성시,2014,2014-04-04 14시,주간,금요일,차대사람,횡단중,보행자 보호의무 위반,단일로,횡단보도상,승합차,중형,보행자,보행자,1,0,1,0,0
이천시,2014,2014-04-04 07시,주간,금요일,차대차,주정차중 추돌,안전운전 의무 불이행,기타/불명,기타/불명,화물차,소형,화물차,대형,1,0,3,1,1
화성시,2014,2014-04-02 11시,주간,수요일,차대차,주정차중 추돌,안전운전 의무 불이행,단일로,기타단일로,화물차,대형,화물차,중형,1,1,3,0,1
부천시,2014,2014-04-02 00시,야간,수요일,차대사람,기타,안전운전 의무 불이행,단일로,기타단일로,승용차,중형,보행자,보행자,1,0,1,0,0
고양시,2014,2014-04-01 10시,주간,화요일,차대차,기타,안전운전 의무 불이행,단일로,기타단일로,화물차,중형,화물차,중형,1,0,2,0,1
고양시,2014,2014-04-01 04시,야간,화요일,차대사람,기타,안전거리 미확보,단일로,기타단일로,승용차,소형,보행자,보행자,1,0,1,0,0
안성시,2014,2014-04-01 00시,야간,화요일,차량단독,공작물충돌,안전운전 의무 불이행,교차로,교차로부근,이륜차,소형,없음,없음,1,0,1,0,0
성남시,2014,2014-04-01 00시,야간,화요일,차대차,정면충돌,중앙선 침범,단일로,기타단일로,승합차,경형,승용차,소형,1,2,4,0,1
고양시,2014,2014-03-31 23시,야간,월요일,차대차,진행중 추돌,신호위반,교차로,교차로내,이륜차,소형,승용차,중형,1,0,1,0,0
이천시,2014,2014-03-30 16시,주간,일요일,차대차,정면충돌,중앙선 침범,단일로,기타단일로,승합차,소형,화물차,대형,2,1,4,0,1
구리시,2014,2014-03-29 05시,야간,토요일,차대사람,횡단중,안전운전 의무 불이행,교차로,교차로내,승용차,대형,보행자,보행자,1,0,1,0,0
고양시,2014,2014-03-29 04시,야간,토요일,차대차,기타,안전운전 의무 불이행,단일로,기타단일로,이륜차,중형,승용차,중형,1,0,1,0,0
화성시,2014,2014-03-27 02시,야간,목요일,차량단독,전도전복,안전운전 의무 불이행,교차로,교차로부근,자전거,자전거,없음,없음,1,0,1,0,0
김포시,2014,2014-03-25 18시,야간,화요일,차대차,정면충돌,중앙선 침범,단일로,기타단일로,승용차,중형,승용차,대형,1,0,1,0,0
용인시,2014,2014-03-25 06시,주간,화요일,차대사람,횡단중,안전운전 의무 불이행,교차로,교차로부근,화물차,중형,보행자,보행자,1,0,1,0,0
시흥시,2014,2014-03-24 22시,야간,월요일,차량단독,공작물충돌,안전운전 의무 불이행,교차로,교차로부근,원동기장치자전거,원동기장치자전거,없음,없음,1,0,1,0,0
평택시,2014,2014-03-24 05시,야간,월요일,차대사람,횡단중,안전운전 의무 불이행,단일로,기타단일로,승합차,대형,보행자,보행자,1,0,1,0,0
평택시,2014,2014-03-23 19시,야간,일요일,차대사람,기타,안전운전 의무 불이행,교차로,교차로부근,승용차,중형,보행자,보행자,1,0,1,0,0
포천시,2014,2014-03-23 12시,주간,일요일,차대사람,기타,안전운전 의무 불이행,교차로,교차로내,승용차,중형,보행자,보행자,1,0,1,0,0
광주시,2014,2014-03-23 05시,야간,일요일,차대차,측면충돌,신호위반,교차로,교차로내,승용차,중형,화물차,중형,2,0,2,0,0
고양시,2014,2014-03-22 05시,야간,토요일,차대차,진행중 추돌,안전운전 의무 불이행,단일로,기타단일로,승용차,중형,화물차,대형,1,0,1,0,0
수원시,2014,2014-03-22 01시,야간,토요일,차대차,진행중 추돌,안전운전 의무 불이행,단일로,기타단일로,승용차,대형,화물차,소형,1,0,1,0,0
남양주시,2014,2014-03-21 22시,야간,금요일,차량단독,공작물충돌,안전운전 의무 불이행,교차로,교차로내,이륜차,중형,없음,없음,1,0,1,0,0
파주시,2014,2014-03-21 20시,야간,금요일,차대차,측면충돌,안전운전 의무 불이행,교차로,교차로내,승용차,중형,승용차,중형,1,1,2,0,0
화성시,2014,2014-03-21 19시,야간,금요일,차량단독,공작물충돌,안전운전 의무 불이행,단일로,기타단일로,이륜차,소형,없음,없음,1,0,1,0,0
남양주시,2014,2014-03-21 07시,주간,금요일,차대차,진행중 추돌,안전운전 의무 불이행,단일로,기타단일로,이륜차,중형,건설기계,건설기계,1,0,1,0,0
화성시,2014,2014-03-20 07시,주간,목요일,차량단독,기타,중앙선 침범,단일로,기타단일로,이륜차,소형,없음,없음,1,0,1,0,0
수원시,2014,2014-03-19 20시,야간,수요일,차대차,측면충돌,신호위반,교차로,교차로내,승용차,중형,승용차,경형,3,2,6,0,1
양주시,2014,2014-03-19 14시,주간,수요일,차대차,진행중 추돌,진로양보 의무 불이행,교차로,교차로내,원동기장치자전거,원동기장치자전거,화물차,대형,1,0,1,0,0
수원시,2014,2014-03-18 21시,야간,화요일,차대사람,횡단중,안전운전 의무 불이행,단일로,기타단일로,승용차,중형,보행자,보행자,1,0,1,0,0
안산시,2014,2014-03-17 20시,야간,월요일,차대사람,기타,안전운전 의무 불이행,단일로,기타단일로,승용차,중형,보행자,보행자,1,0,1,0,0
수원시,2014,2014-03-16 21시,야간,일요일,차대사람,기타,안전운전 의무 불이행,단일로,기타단일로,승용차,중형,보행자,보행자,1,0,1,0,0
평택시,2014,2014-03-16 15시,주간,일요일,차대사람,기타,보행자 보호의무 위반,교차로,교차로내,승합차,중형,보행자,보행자,1,0,1,0,0
고양시,2014,2014-03-16 04시,야간,일요일,차대차,정면충돌,중앙선 침범,단일로,기타단일로,승용차,중형,화물차,중형,1,0,2,0,1
화성시,2014,2014-03-16 03시,야간,일요일,차대사람,기타,안전운전 의무 불이행,기타/불명,기타/불명,화물차,대형,보행자,보행자,1,0,1,0,0
화성시,2014,2014-03-15 09시,주간,토요일,차량단독,전도전복,안전운전 의무 불이행,단일로,기타단일로,건설기계,건설기계,없음,없음,1,0,1,0,0
화성시,2014,2014-03-15 05시,야간,토요일,차량단독,공작물충돌,안전운전 의무 불이행,단일로,기타단일로,승용차,소형,없음,없음,2,0,2,0,0
양주시,2014,2014-03-15 02시,야간,토요일,차대사람,차도통행중,안전운전 의무 불이행,단일로,기타단일로,화물차,중형,보행자,보행자,1,0,1,0,0
화성시,2014,2014-03-14 15시,주간,금요일,차량단독,공작물충돌,안전운전 의무 불이행,단일로,기타단일로,승용차,중형,없음,없음,1,0,1,0,0
오산시,2014,2014-03-14 11시,주간,금요일,차대차,측면충돌,안전운전 의무 불이행,단일로,기타단일로,이륜차,소형,승용차,중형,1,0,1,0,0
의왕시,2014,2014-03-14 02시,야간,금요일,차대차,진행중 추돌,안전운전 의무 불이행,단일로,기타단일로,승용차,중형,화물차,중형,1,1,2,0,0
여주시,2014,2014-03-13 21시,야간,목요일,차대사람,횡단중,안전운전 의무 불이행,교차로,교차로부근,승합차,소형,보행자,보행자,1,0,1,0,0
고양시,2014,2014-03-13 14시,주간,목요일,차대차,주정차중 추돌,안전운전 의무 불이행,단일로,횡단보도상,화물차,경형,이륜차,중형,1,0,1,0,0
의정부시,2014,2014-03-10 19시,야간,월요일,차대차,측면충돌,신호위반,교차로,교차로내,건설기계,건설기계,이륜차,중형,1,0,1,0,0
의정부시,2014,2014-03-10 19시,야간,월요일,차대사람,보도통행중,안전운전 의무 불이행,교차로,교차로부근,화물차,경형,보행자,보행자,1,0,1,0,0
성남시,2014,2014-03-10 12시,주간,월요일,차대차,측면충돌,안전운전 의무 불이행,단일로,기타단일로,승합차,대형,자전거,자전거,1,0,1,0,0
평택시,2014,2014-03-10 06시,주간,월요일,차대사람,기타,과속,단일로,교량위,승용차,중형,보행자,보행자,1,0,1,0,0
성남시,2014,2014-03-09 08시,주간,일요일,차량단독,공작물충돌,안전운전 의무 불이행,단일로,터널안,화물차,소형,없음,없음,1,0,1,0,0
성남시,2014,2014-03-08 14시,주간,토요일,차대사람,횡단중,안전운전 의무 불이행,단일로,기타단일로,승용차,중형,보행자,보행자,1,0,1,0,0
안산시,2014,2014-03-07 08시,주간,금요일,차대차,측면충돌,안전운전 의무 불이행,교차로,교차로내,승용차,소형,자전거,자전거,1,0,1,0,0
용인시,2014,2014-03-07 04시,야간,금요일,차대차,진행중 추돌,안전운전 의무 불이행,단일로,기타단일로,승용차,중형,화물차,대형,1,0,2,0,1
안산시,2014,2014-03-07 03시,야간,금요일,차대차,주정차중 추돌,안전운전 의무 불이행,단일로,기타단일로,화물차,소형,화물차,중형,1,0,1,0,0
이천시,2014,2014-03-06 19시,야간,목요일,차대차,측면충돌,안전운전 의무 불이행,단일로,기타단일로,승용차,중형,불명,불명,1,0,1,0,0
동두천시,2014,2014-03-05 11시,주간,수요일,차대사람,횡단중,안전운전 의무 불이행,단일로,기타단일로,승용차,소형,보행자,보행자,1,0,1,0,0
김포시,2014,2014-03-05 07시,주간,수요일,차대사람,횡단중,안전운전 의무 불이행,단일로,기타단일로,승용차,소형,보행자,보행자,1,0,1,0,0
시흥시,2014,2014-03-04 09시,주간,화요일,차대사람,횡단중,안전운전 의무 불이행,교차로,교차로내,승용차,대형,보행자,보행자,1,0,1,0,0
광명시,2014,2014-03-04 09시,주간,화요일,차대차,주정차중 추돌,안전운전 의무 불이행,단일로,기타단일로,승용차,소형,화물차,소형,1,0,1,0,0
평택시,2014,2014-03-04 06시,주간,화요일,차대차,측면충돌,신호위반,교차로,교차로내,화물차,소형,화물차,대형,1,6,7,0,0
포천시,2014,2014-03-04 04시,야간,화요일,차량단독,공작물충돌,안전운전 의무 불이행,교차로,교차로내,승용차,중형,없음,없음,1,0,1,0,0
시흥시,2014,2014-03-04 02시,야간,화요일,차대사람,횡단중,안전운전 의무 불이행,단일로,기타단일로,승용차,소형,보행자,보행자,1,2,3,0,0