시군명,발생년도,발생일자,주야구분명,사고요일,사고유형_대분류,사고유형,법규위반내용,도로형태_대분류,도로형태,당사자1_대분류,당사자1_차종,당사자2_대분류,당사자2_차종,사망자수,중상자수,부상자수,부상신고자수,경상자수
수원시,2013,2013-10-15 16시,주간,화요일,차대사람,기타,안전운전 의무 불이행,단일로,기타단일로,화물차,소형,보행자,보행자,1,0,1,0,0
이천시,2013,2013-10-15 08시,주간,화요일,차량단독,전도전복,안전운전 의무 불이행,단일로,기타단일로,농기계,농기계,없음,없음,1,0,1,0,0
오산시,2013,2013-10-15 07시,주간,화요일,차대차,주정차중 추돌,안전운전 의무 불이행,단일로,기타단일로,승합차,대형,화물차,대형,1,3,11,2,5
양주시,2013,2013-10-15 05시,야간,화요일,차대차,측면충돌,부당한 회전,단일로,기타단일로,승용차,중형,원동기장치자전거,원동기장치자전거,1,0,1,0,0
평택시,2013,2013-10-15 00시,야간,화요일,차대차,주정차중 추돌,안전운전 의무 불이행,단일로,기타단일로,승용차,중형,건설기계,건설기계,1,2,3,0,0
광주시,2013,2013-10-14 23시,야간,월요일,차량단독,도로이탈 추락,안전운전 의무 불이행,단일로,기타단일로,원동기장치자전거,원동기장치자전거,없음,없음,1,0,1,0,0
고양시,2013,2013-10-14 15시,주간,월요일,차대차,측면충돌,교차로 통행방법 위반,교차로,교차로내,원동기장치자전거,원동기장치자전거,승용차,중형,1,0,1,0,0
동두천시,2013,2013-10-14 11시,주간,월요일,차대사람,횡단중,안전운전 의무 불이행,단일로,횡단보도상,승용차,소형,보행자,보행자,1,0,1,0,0
용인시,2013,2013-10-13 19시,야간,일요일,차대사람,횡단중,안전운전 의무 불이행,기타/불명,기타/불명,승용차,중형,보행자,보행자,1,0,1,0,0
용인시,2013,2013-10-12 19시,야간,토요일,차대차,진행중 추돌,안전운전 의무 불이행,단일로,기타단일로,승합차,중형,승용차,중형,1,6,7,0,0
안성시,2013,2013-10-12 03시,야간,토요일,차대차,진행중 추돌,안전운전 의무 불이행,단일로,기타단일로,화물차,경형,화물차,경형,1,0,2,0,1
안산시,2013,2013-10-11 17시,주간,금요일,차대차,정면충돌,중앙선 침범,단일로,기타단일로,화물차,소형,승합차,소형,1,3,6,0,2
가평군,2013,2013-10-10 16시,주간,목요일,차량단독,공작물충돌,안전운전 의무 불이행,교차로,교차로내,승용차,중형,없음,없음,1,2,3,0,0
평택시,2013,2013-10-10 14시,주간,목요일,차대차,기타,안전운전 의무 불이행,단일로,기타단일로,이륜차,소형,승용차,중형,1,0,1,0,0
고양시,2013,2013-10-10 10시,주간,목요일,차대차,기타,신호위반,단일로,횡단보도상,이륜차,소형,자전거,자전거,1,1,2,0,0
시흥시,2013,2013-10-10 05시,야간,목요일,차대차,측면충돌,신호위반,교차로,교차로내,승용차,중형,승합차,대형,1,0,2,0,1
군포시,2013,2013-10-09 19시,야간,수요일,차대사람,횡단중,안전운전 의무 불이행,단일로,기타단일로,승용차,중형,보행자,보행자,1,0,1,0,0
동두천시,2013,2013-10-09 13시,주간,수요일,차대사람,횡단중,보행자 보호의무 위반,단일로,횡단보도상,건설기계,건설기계,보행자,보행자,1,0,1,0,0
안양시,2013,2013-10-09 07시,주간,수요일,차대사람,기타,안전운전 의무 불이행,단일로,기타단일로,승합차,소형,보행자,보행자,1,0,1,0,0
용인시,2013,2013-10-08 23시,야간,화요일,차대사람,횡단중,안전운전 의무 불이행,교차로,교차로내,승용차,소형,보행자,보행자,1,0,1,0,0
파주시,2013,2013-10-08 20시,야간,화요일,차대사람,횡단중,안전운전 의무 불이행,단일로,기타단일로,화물차,소형,보행자,보행자,1,0,1,0,0
김포시,2013,2013-10-08 13시,주간,화요일,차량단독,공작물충돌,안전운전 의무 불이행,단일로,기타단일로,승용차,중형,없음,없음,1,0,1,0,0
파주시,2013,2013-10-07 23시,야간,월요일,차대사람,차도통행중,안전운전 의무 불이행,단일로,교량위,화물차,중형,보행자,보행자,1,0,1,0,0
파주시,2013,2013-10-07 17시,주간,월요일,차대사람,횡단중,신호위반,단일로,횡단보도상,승용차,대형,보행자,보행자,1,1,5,0,3
파주시,2013,2013-10-07 05시,야간,월요일,차대차,진행중 추돌,안전운전 의무 불이행,단일로,기타단일로,승용차,중형,화물차,대형,1,3,4,0,0
김포시,2013,2013-10-06 16시,주간,일요일,차량단독,전도전복,안전운전 의무 불이행,단일로,기타단일로,이륜차,대형,없음,없음,1,0,1,0,0
고양시,2013,2013-10-05 19시,야간,토요일,차대차,기타,중앙선 침범,단일로,기타단일로,자전거,자전거,자전거,자전거,1,0,1,0,0
하남시,2013,2013-10-05 00시,야간,토요일,차대사람,횡단중,과속,교차로,교차로부근,승용차,중형,보행자,보행자,1,0,1,0,0
여주시,2013,2013-10-04 17시,주간,금요일,차량단독,기타,안전운전 의무 불이행,기타/불명,기타/불명,자전거,자전거,없음,없음,1,0,1,0,0
평택시,2013,2013-10-04 10시,주간,금요일,차대사람,기타,안전운전 의무 불이행,단일로,기타단일로,건설기계,건설기계,보행자,보행자,1,0,1,0,0
시흥시,2013,2013-10-03 20시,야간,목요일,차대사람,횡단중,안전운전 의무 불이행,단일로,기타단일로,승용차,경형,보행자,보행자,1,0,1,0,0
파주시,2013,2013-10-03 12시,주간,목요일,차대차,기타,중앙선 침범,단일로,기타단일로,원동기장치자전거,원동기장치자전거,화물차,소형,1,0,2,0,1
양평군,2013,2013-10-03 05시,야간,목요일,차대사람,횡단중,과속,단일로,기타단일로,승용차,대형,보행자,보행자,1,0,1,0,0
안산시,2013,2013-10-02 17시,주간,수요일,차대사람,기타,안전운전 의무 불이행,단일로,기타단일로,승용차,중형,보행자,보행자,1,1,2,0,0
용인시,2013,2013-10-01 22시,야간,화요일,차대사람,길가장자리구역통행중,안전운전 의무 불이행,단일로,기타단일로,승용차,중형,보행자,보행자,1,0,1,0,0
안성시,2013,2013-10-01 19시,야간,화요일,차대사람,기타,안전운전 의무 불이행,단일로,기타단일로,화물차,중형,보행자,보행자,1,0,1,0,0
이천시,2013,2013-10-01 17시,주간,화요일,차대차,측면충돌,신호위반,교차로,교차로내,자전거,자전거,승용차,대형,1,0,1,0,0
남양주시,2013,2013-10-01 15시,주간,화요일,차량단독,공작물충돌,안전운전 의무 불이행,단일로,기타단일로,승용차,경형,없음,없음,1,0,1,0,0
광주시,2013,2013-10-01 14시,주간,화요일,차대차,진행중 추돌,안전거리 미확보,단일로,기타단일로,화물차,대형,화물차,중형,1,0,3,0,2
동두천시,2013,2013-10-01 14시,주간,화요일,차대차,기타,중앙선 침범,교차로,교차로부근,화물차,소형,화물차,소형,1,1,3,0,1
평택시,2013,2013-10-01 05시,야간,화요일,차대사람,횡단중,신호위반,단일로,횡단보도상,승용차,중형,보행자,보행자,1,0,1,0,0
안성시,2013,2013-09-30 12시,주간,월요일,차대사람,횡단중,보행자 보호의무 위반,교차로,교차로부근,화물차,중형,보행자,보행자,1,0,1,0,0
부천시,2013,2013-09-30 09시,주간,월요일,차대차,측면충돌,안전운전 의무 불이행,교차로,교차로내,승용차,소형,이륜차,소형,1,0,1,0,0
과천시,2013,2013-09-29 11시,주간,일요일,차량단독,기타,안전운전 의무 불이행,단일로,기타단일로,승용차,대형,없음,없음,1,0,1,0,0
안양시,2013,2013-09-29 02시,야간,일요일,차대차,주정차중 추돌,안전운전 의무 불이행,단일로,터널안,승합차,중형,승용차,소형,1,2,3,0,0
군포시,2013,2013-09-29 01시,야간,일요일,차대사람,기타,안전운전 의무 불이행,기타/불명,기타/불명,승용차,대형,보행자,보행자,1,0,1,0,0
안성시,2013,2013-09-28 12시,주간,토요일,차대차,측면충돌,직진 및 우회전차의 통행방해,교차로,교차로내,승용차,중형,이륜차,중형,1,0,1,0,0
남양주시,2013,2013-09-28 12시,주간,토요일,차량단독,도로이탈 추락,안전운전 의무 불이행,단일로,기타단일로,승용차,소형,없음,없음,1,0,1,0,0
포천시,2013,2013-09-27 20시,야간,금요일,차대차,측면충돌,신호위반,교차로,교차로내,승용차,소형,승합차,대형,1,0,2,0,1
가평군,2013,2013-09-27 17시,주간,금요일,차량단독,공작물충돌,안전운전 의무 불이행,단일로,기타단일로,이륜차,대형,없음,없음,1,0,1,0,0
김포시,2013,2013-09-27 13시,주간,금요일,차대사람,횡단중,안전운전 의무 불이행,단일로,기타단일로,승용차,중형,보행자,보행자,1,0,1,0,0
이천시,2013,2013-09-26 19시,야간,목요일,차대사람,횡단중,안전운전 의무 불이행,단일로,기타단일로,승용차,중형,보행자,보행자,1,0,2,0,1
광주시,2013,2013-09-26 15시,주간,목요일,차대사람,횡단중,안전운전 의무 불이행,교차로,교차로내,화물차,소형,보행자,보행자,1,0,1,0,0
구리시,2013,2013-09-26 10시,주간,목요일,차대사람,기타,안전운전 의무 불이행,교차로,교차로부근,승용차,중형,보행자,보행자,1,0,1,0,0
광명시,2013,2013-09-26 00시,야간,목요일,차량단독,공작물충돌,안전운전 의무 불이행,교차로,교차로내,화물차,대형,없음,없음,1,0,1,0,0
김포시,2013,2013-09-25 21시,야간,수요일,차량단독,공작물충돌,안전운전 의무 불이행,교차로,교차로부근,이륜차,소형,없음,없음,1,0,1,0,0
부천시,2013,2013-09-25 19시,야간,수요일,차대사람,횡단중,보행자 보호의무 위반,교차로,교차로내,승용차,중형,보행자,보행자,1,0,1,0,0
양평군,2013,2013-09-24 11시,주간,화요일,차량단독,공작물충돌,안전운전 의무 불이행,단일로,기타단일로,승용차,중형,없음,없음,1,1,2,0,0
용인시,2013,2013-09-23 19시,야간,월요일,차대사람,횡단중,안전운전 의무 불이행,단일로,기타단일로,승용차,소형,보행자,보행자,1,0,1,0,0
포천시,2013,2013-09-23 18시,야간,월요일,차대차,정면충돌,중앙선 침범,단일로,기타단일로,원동기장치자전거,원동기장치자전거,승용차,중형,1,0,2,0,1
남양주시,2013,2013-09-23 14시,주간,월요일,차대사람,기타,안전운전 의무 불이행,교차로,교차로부근,승합차,대형,보행자,보행자,1,0,1,0,0
고양시,2013,2013-09-23 12시,주간,월요일,차대차,기타,안전운전 의무 불이행,단일로,기타단일로,화물차,중형,승용차,중형,1,0,1,0,0
여주시,2013,2013-09-23 05시,야간,월요일,차대사람,횡단중,중앙선 침범,교차로,교차로내,화물차,소형,보행자,보행자,1,0,1,0,0
여주시,2013,2013-09-23 05시,야간,월요일,차대차,정면충돌,신호위반,교차로,교차로내,화물차,소형,승용차,대형,1,3,4,0,0
포천시,2013,2013-09-22 21시,야간,일요일,차대사람,보도통행중,안전운전 의무 불이행,교차로,교차로내,승용차,소형,보행자,보행자,1,0,1,0,0
안산시,2013,2013-09-22 10시,주간,일요일,차대차,진행중 추돌,신호위반,교차로,교차로내,이륜차,중형,승용차,중형,1,0,2,0,1
오산시,2013,2013-09-21 22시,야간,토요일,차량단독,공작물충돌,안전운전 의무 불이행,단일로,기타단일로,이륜차,중형,없음,없음,1,0,1,0,0
화성시,2013,2013-09-21 15시,주간,토요일,차량단독,공작물충돌,안전운전 의무 불이행,단일로,기타단일로,승용차,중형,없음,없음,2,2,5,0,1
동두천시,2013,2013-09-19 09시,주간,목요일,차량단독,공작물충돌,안전운전 의무 불이행,단일로,기타단일로,승용차,경형,없음,없음,1,0,1,0,0
안양시,2013,2013-09-18 16시,주간,수요일,차대사람,횡단중,보행자 보호의무 위반,단일로,횡단보도상,승용차,중형,보행자,보행자,1,2,3,0,0
안양시,2013,2013-09-18 04시,야간,수요일,차대사람,횡단중,안전운전 의무 불이행,단일로,기타단일로,승용차,중형,보행자,보행자,1,0,1,0,0
용인시,2013,2013-09-17 17시,주간,화요일,차대차,정면충돌,신호위반,교차로,교차로내,승용차,중형,승합차,대형,1,0,2,0,1
여주시,2013,2013-09-17 08시,주간,화요일,차량단독,전도전복,안전운전 의무 불이행,단일로,기타단일로,원동기장치자전거,원동기장치자전거,없음,없음,1,0,1,0,0
시흥시,2013,2013-09-17 00시,야간,화요일,차대사람,기타,안전운전 의무 불이행,단일로,횡단보도상,승용차,중형,보행자,보행자,1,0,1,0,0
가평군,2013,2013-09-16 16시,주간,월요일,차량단독,전도전복,안전운전 의무 불이행,교차로,교차로부근,농기계,농기계,없음,없음,1,0,1,0,0
성남시,2013,2013-09-16 14시,주간,월요일,차대사람,횡단중,신호위반,교차로,교차로내,승용차,중형,보행자,보행자,1,0,1,0,0
성남시,2013,2013-09-16 12시,주간,월요일,차대차,기타,안전운전 의무 불이행,교차로,교차로부근,화물차,대형,이륜차,중형,1,0,1,0,0
시흥시,2013,2013-09-16 11시,주간,월요일,차대차,기타,과속,교차로,교차로부근,화물차,소형,자전거,자전거,1,0,1,0,0
수원시,2013,2013-09-16 03시,야간,월요일,차량단독,공작물충돌,안전운전 의무 불이행,단일로,기타단일로,이륜차,소형,없음,없음,1,0,1,0,0
양주시,2013,2013-09-16 01시,야간,월요일,차량단독,기타,안전운전 의무 불이행,교차로,교차로부근,승용차,중형,없음,없음,1,0,1,0,0
김포시,2013,2013-09-15 07시,주간,일요일,차량단독,공작물충돌,안전운전 의무 불이행,단일로,기타단일로,승용차,대형,없음,없음,1,0,1,0,0
성남시,2013,2013-09-15 07시,주간,일요일,차량단독,공작물충돌,안전운전 의무 불이행,교차로,교차로부근,승용차,중형,없음,없음,1,0,1,0,0
고양시,2013,2013-09-15 01시,야간,일요일,차대차,기타,안전운전 의무 불이행,단일로,횡단보도부근,원동기장치자전거,원동기장치자전거,승용차,중형,1,0,1,0,0
평택시,2013,2013-09-14 21시,야간,토요일,차대사람,기타,안전운전 의무 불이행,단일로,기타단일로,승용차,중형,보행자,보행자,1,0,1,0,0
양주시,2013,2013-09-14 20시,야간,토요일,차대사람,차도통행중,안전운전 의무 불이행,단일로,기타단일로,승용차,소형,보행자,보행자,1,0,1,0,0
가평군,2013,2013-09-14 19시,야간,토요일,차대사람,길가장자리구역통행중,안전운전 의무 불이행,단일로,기타단일로,승용차,중형,보행자,보행자,1,0,2,0,1
여주시,2013,2013-09-14 12시,주간,토요일,차량단독,공작물충돌,안전운전 의무 불이행,단일로,기타단일로,승용차,소형,없음,없음,1,0,1,0,0
김포시,2013,2013-09-13 17시,주간,금요일,차대사람,기타,안전운전 의무 불이행,단일로,기타단일로,화물차,소형,보행자,보행자,1,0,1,0,0
용인시,2013,2013-09-13 14시,주간,금요일,차대차,정면충돌,중앙선 침범,단일로,기타단일로,화물차,소형,화물차,중형,1,1,2,0,0
평택시,2013,2013-09-13 04시,야간,금요일,차대차,측면충돌,직진 및 우회전차의 통행방해,교차로,교차로내,승용차,중형,승용차,중형,1,0,2,0,1
용인시,2013,2013-09-12 22시,야간,목요일,차대사람,횡단중,안전운전 의무 불이행,교차로,교차로내,승합차,대형,보행자,보행자,1,0,1,0,0
의정부시,2013,2013-09-12 19시,야간,목요일,차대차,주정차중 추돌,안전운전 의무 불이행,단일로,기타단일로,승합차,대형,승용차,중형,2,3,25,16,4
양평군,2013,2013-09-12 18시,야간,목요일,차대사람,횡단중,안전운전 의무 불이행,단일로,기타단일로,승용차,소형,보행자,보행자,1,0,1,0,0
안산시,2013,2013-09-12 05시,야간,목요일,차대사람,횡단중,신호위반,단일로,기타단일로,승용차,대형,보행자,보행자,1,0,1,0,0
하남시,2013,2013-09-12 03시,야간,목요일,차대사람,기타,과속,단일로,기타단일로,특수차,소형,보행자,보행자,1,0,1,0,0
수원시,2013,2013-09-11 19시,야간,수요일,차대차,기타,신호위반,단일로,횡단보도상,이륜차,소형,승용차,경형,1,0,1,0,0
포천시,2013,2013-09-10 21시,야간,화요일,차대사람,횡단중,안전운전 의무 불이행,단일로,기타단일로,원동기장치자전거,원동기장치자전거,보행자,보행자,1,0,1,0,0
군포시,2013,2013-09-10 06시,주간,화요일,차대차,진행중 추돌,안전운전 의무 불이행,단일로,기타단일로,화물차,소형,화물차,대형,1,4,5,0,0
의왕시,2013,2013-09-10 00시,야간,화요일,차량단독,기타,기타(운전자법규위반),단일로,기타단일로,승용차,대형,없음,없음,1,0,1,0,0
고양시,2013,2013-09-09 21시,야간,월요일,차대사람,횡단중,안전운전 의무 불이행,단일로,기타단일로,승용차,중형,보행자,보행자,1,0,1,0,0
화성시,2013,2013-09-08 23시,야간,일요일,차량단독,공작물충돌,안전운전 의무 불이행,단일로,기타단일로,화물차,소형,없음,없음,1,0,1,0,0
화성시,2013,2013-09-08 20시,야간,일요일,차대차,진행중 추돌,안전운전 의무 불이행,단일로,기타단일로,승용차,중형,농기계,농기계,1,0,1,0,0
안산시,2013,2013-09-08 05시,야간,일요일,차대사람,기타,보행자 보호의무 위반,단일로,기타단일로,승용차,중형,보행자,보행자,1,0,1,0,0
고양시,2013,2013-09-07 09시,주간,토요일,차대사람,횡단중,신호위반,교차로,교차로내,화물차,소형,보행자,보행자,1,0,1,0,0
시흥시,2013,2013-09-07 06시,주간,토요일,차량단독,전도전복,안전운전 의무 불이행,단일로,기타단일로,승용차,중형,없음,없음,1,0,1,0,0
시흥시,2013,2013-09-06 21시,야간,금요일,차대차,정면충돌,중앙선 침범,단일로,기타단일로,승용차,소형,승용차,대형,1,0,4,0,3
포천시,2013,2013-09-06 21시,야간,금요일,차대차,측면충돌,신호위반,교차로,교차로내,원동기장치자전거,원동기장치자전거,승용차,중형,1,0,2,0,1
포천시,2013,2013-09-06 17시,주간,금요일,차대사람,기타,안전거리 미확보,단일로,기타단일로,특수차,대형,보행자,보행자,1,0,1,0,0
안산시,2013,2013-09-06 06시,주간,금요일,차대차,기타,중앙선 침범,교차로,교차로부근,원동기장치자전거,원동기장치자전거,승용차,중형,1,0,1,0,0
고양시,2013,2013-09-05 20시,야간,목요일,차량단독,전도전복,안전운전 의무 불이행,교차로,교차로부근,승용차,대형,없음,없음,1,0,1,0,0
수원시,2013,2013-09-05 05시,야간,목요일,차대사람,횡단중,안전운전 의무 불이행,단일로,기타단일로,승합차,소형,보행자,보행자,1,0,1,0,0
성남시,2013,2013-09-03 20시,야간,화요일,차대차,정면충돌,중앙선 침범,단일로,기타단일로,이륜차,중형,승용차,중형,1,0,2,0,1
용인시,2013,2013-09-03 16시,주간,화요일,차대사람,횡단중,중앙선 침범,단일로,횡단보도상,승합차,중형,보행자,보행자,1,0,1,0,0
양주시,2013,2013-09-03 02시,야간,화요일,차량단독,공작물충돌,안전운전 의무 불이행,단일로,기타단일로,승용차,중형,없음,없음,1,0,1,0,0
성남시,2013,2013-09-02 20시,야간,월요일,차대사람,횡단중,안전운전 의무 불이행,교차로,교차로부근,승용차,중형,보행자,보행자,1,0,1,0,0
화성시,2013,2013-09-01 23시,야간,일요일,차량단독,공작물충돌,안전운전 의무 불이행,단일로,기타단일로,이륜차,중형,없음,없음,1,0,1,0,0
이천시,2013,2013-09-01 21시,야간,일요일,차대사람,횡단중,안전운전 의무 불이행,단일로,기타단일로,승용차,중형,보행자,보행자,1,0,1,0,0
양주시,2013,2013-09-01 18시,야간,일요일,차대차,측면충돌,안전운전 의무 불이행,단일로,기타단일로,농기계,농기계,승용차,소형,1,0,3,0,2
남양주시,2013,2013-09-01 15시,주간,일요일,차대사람,횡단중,안전운전 의무 불이행,단일로,기타단일로,화물차,소형,보행자,보행자,1,0,1,0,0
안산시,2013,2013-09-01 10시,주간,일요일,차대차,측면충돌,안전운전 의무 불이행,교차로,교차로내,자전거,자전거,승합차,대형,1,0,1,0,0
평택시,2013,2013-08-31 19시,야간,토요일,차대차,기타,안전운전 의무 불이행,단일로,기타단일로,승용차,중형,승용차,중형,1,0,1,0,0
이천시,2013,2013-08-31 12시,주간,토요일,차대차,측면충돌,안전운전 의무 불이행,단일로,기타단일로,승용차,소형,원동기장치자전거,원동기장치자전거,1,0,1,0,0
부천시,2013,2013-08-31 12시,주간,토요일,차대차,측면충돌,차로위반(진로변경 위반),교차로,교차로부근,자전거,자전거,승용차,소형,1,0,1,0,0
화성시,2013,2013-08-30 22시,야간,금요일,차량단독,공작물충돌,안전운전 의무 불이행,기타/불명,기타/불명,승용차,소형,없음,없음,1,0,1,0,0
안양시,2013,2013-08-30 22시,야간,금요일,차대차,주정차중 추돌,안전운전 의무 불이행,단일로,기타단일로,승용차,중형,승합차,대형,1,0,2,1,0
고양시,2013,2013-08-30 07시,주간,금요일,차대차,진행중 추돌,안전운전 의무 불이행,단일로,기타단일로,화물차,중형,화물차,중형,1,1,2,0,0
수원시,2013,2013-08-29 21시,야간,목요일,차대차,측면충돌,신호위반,교차로,교차로내,이륜차,중형,승용차,대형,1,2,3,0,0
연천군,2013,2013-08-29 19시,야간,목요일,차대사람,횡단중,안전운전 의무 불이행,교차로,교차로내,화물차,소형,보행자,보행자,1,0,1,0,0
양주시,2013,2013-08-29 08시,주간,목요일,차대차,진행중 추돌,중앙선 침범,단일로,기타단일로,승용차,대형,승용차,대형,1,2,3,0,0
여주시,2013,2013-08-28 16시,주간,수요일,차대차,기타,중앙선 침범,단일로,기타단일로,원동기장치자전거,원동기장치자전거,승용차,중형,1,0,1,0,0
구리시,2013,2013-08-28 13시,주간,수요일,차대차,주정차중 추돌,안전운전 의무 불이행,단일로,기타단일로,화물차,소형,화물차,소형,1,3,5,0,1
양평군,2013,2013-08-28 06시,주간,수요일,차량단독,공작물충돌,안전운전 의무 불이행,단일로,교량위,이륜차,중형,없음,없음,1,0,1,0,0
성남시,2013,2013-08-28 06시,주간,수요일,차량단독,공작물충돌,안전운전 의무 불이행,단일로,기타단일로,화물차,소형,없음,없음,1,0,1,0,0
안산시,2013,2013-08-27 11시,주간,화요일,차대차,정면충돌,중앙선 침범,단일로,기타단일로,승용차,중형,승용차,중형,1,5,7,0,1
안산시,2013,2013-08-27 11시,주간,화요일,차대사람,횡단중,신호위반,단일로,횡단보도상,승합차,대형,보행자,보행자,1,0,1,0,0
시흥시,2013,2013-08-27 07시,주간,화요일,차대차,기타,안전운전 의무 불이행,단일로,기타단일로,승용차,중형,특수차,대형,1,1,2,0,0
김포시,2013,2013-08-26 23시,야간,월요일,차대사람,기타,안전운전 의무 불이행,교차로,교차로부근,승용차,중형,보행자,보행자,1,0,1,0,0
이천시,2013,2013-08-26 22시,야간,월요일,차대사람,횡단중,안전운전 의무 불이행,교차로,교차로부근,승용차,중형,보행자,보행자,1,0,2,0,1
부천시,2013,2013-08-24 14시,주간,토요일,차대차,측면충돌,안전거리 미확보,단일로,기타단일로,자전거,자전거,승용차,중형,1,0,1,0,0
고양시,2013,2013-08-24 14시,주간,토요일,차대차,진행중 추돌,안전운전 의무 불이행,단일로,기타단일로,승용차,중형,화물차,중형,1,0,3,2,0
평택시,2013,2013-08-24 06시,주간,토요일,차량단독,공작물충돌,안전운전 의무 불이행,단일로,기타단일로,화물차,중형,없음,없음,1,0,1,0,0
여주시,2013,2013-08-24 00시,야간,토요일,차대사람,기타,안전운전 의무 불이행,단일로,기타단일로,승용차,소형,보행자,보행자,1,0,1,0,0
고양시,2013,2013-08-23 11시,주간,금요일,차대사람,기타,안전운전 의무 불이행,단일로,기타단일로,화물차,중형,보행자,보행자,1,0,1,0,0
안성시,2013,2013-08-23 07시,주간,금요일,차량단독,공작물충돌,안전운전 의무 불이행,단일로,기타단일로,승용차,소형,없음,없음,1,0,1,0,0
의정부시,2013,2013-08-23 05시,야간,금요일,차대차,주정차중 추돌,안전운전 의무 불이행,단일로,기타단일로,이륜차,소형,화물차,대형,1,0,1,0,0
파주시,2013,2013-08-23 03시,야간,금요일,차대사람,기타,안전운전 의무 불이행,교차로,교차로부근,승용차,중형,보행자,보행자,1,0,1,0,0
안성시,2013,2013-08-23 00시,야간,금요일,차량단독,전도전복,안전운전 의무 불이행,단일로,기타단일로,승용차,소형,없음,없음,1,0,1,0,0
안산시,2013,2013-08-22 14시,주간,목요일,차대사람,횡단중,안전운전 의무 불이행,단일로,기타단일로,화물차,대형,보행자,보행자,1,0,1,0,0
부천시,2013,2013-08-22 12시,주간,목요일,차대사람,길가장자리구역통행중,안전운전 의무 불이행,단일로,기타단일로,화물차,소형,보행자,보행자,1,0,1,0,0
양평군,2013,2013-08-22 09시,주간,목요일,차대차,측면충돌,안전운전 의무 불이행,교차로,교차로내,자전거,자전거,승용차,대형,1,0,1,0,0
용인시,2013,2013-08-21 10시,주간,수요일,차대차,측면충돌,안전운전 의무 불이행,단일로,기타단일로,건설기계,건설기계,승용차,대형,1,0,1,0,0
수원시,2013,2013-08-21 08시,주간,수요일,차대사람,기타,안전운전 의무 불이행,단일로,기타단일로,승용차,중형,보행자,보행자,1,0,1,0,0
시흥시,2013,2013-08-21 05시,야간,수요일,차대차,진행중 추돌,중앙선 침범,단일로,기타단일로,원동기장치자전거,원동기장치자전거,승용차,소형,1,1,4,0,2
평택시,2013,2013-08-20 22시,야간,화요일,차대사람,기타,안전운전 의무 불이행,교차로,교차로내,승용차,중형,보행자,보행자,1,0,1,0,0
시흥시,2013,2013-08-20 07시,주간,화요일,차대차,기타,안전운전 의무 불이행,단일로,기타단일로,이륜차,대형,건설기계,건설기계,1,0,1,0,0
화성시,2013,2013-08-19 10시,주간,월요일,차대차,정면충돌,중앙선 침범,단일로,기타단일로,승용차,소형,승용차,중형,1,0,2,0,1
안산시,2013,2013-08-19 03시,야간,월요일,차량단독,공작물충돌,안전운전 의무 불이행,단일로,기타단일로,승용차,대형,없음,없음,1,0,1,0,0
김포시,2013,2013-08-18 20시,야간,일요일,차대사람,횡단중,안전운전 의무 불이행,단일로,기타단일로,승합차,대형,보행자,보행자,1,0,1,0,0
시흥시,2013,2013-08-18 20시,야간,일요일,차대차,측면충돌,기타(운전자법규위반),교차로,교차로부근,이륜차,소형,승용차,중형,1,0,1,0,0
양주시,2013,2013-08-17 22시,야간,토요일,차대사람,기타,안전운전 의무 불이행,단일로,기타단일로,승용차,중형,보행자,보행자,1,0,1,0,0
고양시,2013,2013-08-17 07시,주간,토요일,차대사람,기타,보행자 보호의무 위반,단일로,기타단일로,건설기계,건설기계,보행자,보행자,1,0,1,0,0
고양시,2013,2013-08-16 22시,야간,금요일,차대사람,기타,안전운전 의무 불이행,기타/불명,기타/불명,승용차,중형,보행자,보행자,1,0,1,0,0
동두천시,2013,2013-08-16 12시,주간,금요일,차대차,진행중 추돌,안전운전 의무 불이행,단일로,기타단일로,화물차,소형,원동기장치자전거,원동기장치자전거,1,0,1,0,0
시흥시,2013,2013-08-16 05시,야간,금요일,차대사람,기타,안전운전 의무 불이행,교차로,교차로내,승용차,중형,보행자,보행자,1,0,1,0,0
안성시,2013,2013-08-16 01시,야간,금요일,차대차,진행중 추돌,안전운전 의무 불이행,단일로,기타단일로,화물차,중형,화물차,중형,1,2,3,0,0
광주시,2013,2013-08-15 07시,주간,목요일,차대사람,기타,안전운전 의무 불이행,단일로,기타단일로,승용차,소형,보행자,보행자,1,0,1,0,0
남양주시,2013,2013-08-14 22시,야간,수요일,차대차,정면충돌,신호위반,교차로,교차로내,승합차,소형,이륜차,소형,1,0,1,0,0
화성시,2013,2013-08-14 17시,주간,수요일,차대차,진행중 추돌,신호위반,교차로,교차로내,이륜차,소형,승용차,소형,1,0,1,0,0
이천시,2013,2013-08-14 15시,주간,수요일,차대차,진행중 추돌,안전운전 의무 불이행,단일로,기타단일로,승용차,중형,화물차,중형,1,0,2,0,1
고양시,2013,2013-08-14 11시,주간,수요일,차대차,기타,안전운전 의무 불이행,단일로,기타단일로,승용차,중형,자전거,자전거,1,0,1,0,0
용인시,2013,2013-08-14 00시,야간,수요일,차대차,기타,안전운전 의무 불이행,단일로,기타단일로,화물차,대형,불명,불명,1,0,1,0,0