시군명,발생년도,발생일자,주야구분명,사고요일,사고유형_대분류,사고유형,법규위반내용,도로형태_대분류,도로형태,당사자1_대분류,당사자1_차종,당사자2_대분류,당사자2_차종,사망자수,중상자수,부상자수,부상신고자수,경상자수
부천시,2013,2013-05-30 23시,야간,목요일,차대사람,횡단중,안전운전 의무 불이행,단일로,기타단일로,승용차,중형,보행자,보행자,1,0,1,0,0
수원시,2013,2013-05-29 21시,야간,수요일,차대사람,기타,안전운전 의무 불이행,단일로,횡단보도부근,승용차,중형,보행자,보행자,1,0,1,0,0
양평군,2013,2013-05-29 18시,야간,수요일,차량단독,전도전복,안전운전 의무 불이행,단일로,기타단일로,자전거,자전거,없음,없음,1,0,1,0,0
의정부시,2013,2013-05-29 04시,야간,수요일,차대차,주정차중 추돌,안전운전 의무 불이행,단일로,기타단일로,승용차,중형,화물차,소형,1,0,1,0,0
수원시,2013,2013-05-29 03시,야간,수요일,차대사람,기타,안전운전 의무 불이행,단일로,기타단일로,승용차,소형,보행자,보행자,1,0,1,0,0
안양시,2013,2013-05-29 02시,야간,수요일,차대차,진행중 추돌,안전거리 미확보,단일로,기타단일로,불명,불명,승용차,대형,1,0,1,0,0
평택시,2013,2013-05-28 22시,야간,화요일,차대차,주정차중 추돌,안전운전 의무 불이행,단일로,기타단일로,승용차,중형,승용차,중형,1,0,3,0,2
광주시,2013,2013-05-28 15시,주간,화요일,차대사람,기타,안전운전 의무 불이행,단일로,기타단일로,화물차,소형,보행자,보행자,1,0,1,0,0
수원시,2013,2013-05-27 22시,야간,월요일,차대사람,횡단중,안전운전 의무 불이행,교차로,교차로내,승합차,중형,보행자,보행자,1,0,1,0,0
화성시,2013,2013-05-27 09시,주간,월요일,차대차,정면충돌,중앙선 침범,단일로,기타단일로,승용차,소형,승용차,경형,1,1,3,0,1
시흥시,2013,2013-05-27 09시,주간,월요일,차량단독,전도전복,안전운전 의무 불이행,단일로,기타단일로,화물차,중형,없음,없음,1,0,1,0,0
수원시,2013,2013-05-27 01시,야간,월요일,차대차,기타,신호위반,교차로,교차로내,이륜차,중형,승용차,중형,2,0,3,0,1
평택시,2013,2013-05-26 23시,야간,일요일,차대사람,기타,안전운전 의무 불이행,단일로,기타단일로,승용차,중형,보행자,보행자,1,0,1,0,0
고양시,2013,2013-05-26 05시,야간,일요일,차량단독,기타,안전운전 의무 불이행,단일로,기타단일로,이륜차,소형,없음,없음,1,0,1,0,0
파주시,2013,2013-05-26 03시,야간,일요일,차대차,진행중 추돌,안전운전 의무 불이행,교차로,교차로내,이륜차,소형,승합차,대형,1,0,1,0,0
양평군,2013,2013-05-26 01시,야간,일요일,차대차,정면충돌,중앙선 침범,단일로,기타단일로,승용차,중형,이륜차,중형,1,0,2,0,1
수원시,2013,2013-05-25 23시,야간,토요일,차대사람,횡단중,신호위반,단일로,횡단보도상,승용차,소형,보행자,보행자,1,0,1,0,0
수원시,2013,2013-05-25 10시,주간,토요일,차대차,측면충돌,신호위반,교차로,교차로내,원동기장치자전거,원동기장치자전거,승용차,중형,1,0,1,0,0
시흥시,2013,2013-05-25 07시,주간,토요일,차대차,측면충돌,과속,단일로,기타단일로,화물차,소형,자전거,자전거,1,0,1,0,0
시흥시,2013,2013-05-25 06시,주간,토요일,차대사람,횡단중,보행자 보호의무 위반,단일로,횡단보도상,화물차,소형,보행자,보행자,1,0,1,0,0
안성시,2013,2013-05-24 17시,주간,금요일,차량단독,도로이탈 추락,안전운전 의무 불이행,단일로,기타단일로,승용차,중형,없음,없음,1,1,2,0,0
용인시,2013,2013-05-24 14시,주간,금요일,차대차,측면충돌,신호위반,교차로,교차로내,화물차,소형,승용차,경형,1,0,1,0,0
안성시,2013,2013-05-24 06시,주간,금요일,차량단독,도로이탈 기타,안전운전 의무 불이행,단일로,기타단일로,특수차,대형,없음,없음,1,1,2,0,0
안양시,2013,2013-05-23 09시,주간,목요일,차대사람,기타,기타(운전자법규위반),단일로,기타단일로,승용차,소형,보행자,보행자,1,0,1,0,0
부천시,2013,2013-05-23 06시,주간,목요일,차량단독,기타,안전운전 의무 불이행,단일로,기타단일로,화물차,소형,없음,없음,1,0,1,0,0
여주시,2013,2013-05-22 10시,주간,수요일,차대사람,기타,안전운전 의무 불이행,단일로,기타단일로,화물차,소형,보행자,보행자,1,0,1,0,0
가평군,2013,2013-05-21 05시,야간,화요일,차량단독,도로이탈 기타,안전운전 의무 불이행,단일로,기타단일로,원동기장치자전거,원동기장치자전거,없음,없음,1,0,1,0,0
평택시,2013,2013-05-20 21시,야간,월요일,차대차,기타,중앙선 침범,단일로,기타단일로,승용차,소형,화물차,소형,1,2,3,0,0
화성시,2013,2013-05-20 16시,주간,월요일,차대차,기타,안전운전 의무 불이행,단일로,기타단일로,건설기계,건설기계,자전거,자전거,1,0,1,0,0
양주시,2013,2013-05-20 12시,주간,월요일,차대차,진행중 추돌,신호위반,교차로,교차로내,승용차,중형,원동기장치자전거,원동기장치자전거,1,0,1,0,0
평택시,2013,2013-05-20 12시,주간,월요일,차대차,기타,안전운전 의무 불이행,단일로,기타단일로,화물차,경형,승용차,소형,1,0,1,0,0
김포시,2013,2013-05-19 22시,야간,일요일,차대사람,기타,안전운전 의무 불이행,단일로,기타단일로,승용차,중형,보행자,보행자,1,0,1,0,0
의정부시,2013,2013-05-19 01시,야간,일요일,차대차,정면충돌,중앙선 침범,기타/불명,기타/불명,승용차,중형,승합차,중형,1,2,3,0,0
연천군,2013,2013-05-19 00시,야간,일요일,차량단독,공작물충돌,안전운전 의무 불이행,단일로,기타단일로,승용차,중형,없음,없음,1,1,2,0,0
이천시,2013,2013-05-18 21시,야간,토요일,차대사람,횡단중,안전운전 의무 불이행,단일로,기타단일로,승용차,경형,보행자,보행자,1,0,1,0,0
포천시,2013,2013-05-18 18시,야간,토요일,차량단독,공작물충돌,안전운전 의무 불이행,단일로,기타단일로,승용차,대형,없음,없음,1,0,1,0,0
평택시,2013,2013-05-18 17시,주간,토요일,차대차,측면충돌,중앙선 침범,단일로,기타단일로,승합차,대형,승용차,대형,1,1,2,0,0
의정부시,2013,2013-05-18 05시,야간,토요일,차량단독,공작물충돌,안전운전 의무 불이행,단일로,기타단일로,이륜차,소형,없음,없음,1,0,1,0,0
광명시,2013,2013-05-17 16시,주간,금요일,차대차,진행중 추돌,신호위반,교차로,교차로내,승용차,중형,이륜차,소형,1,0,1,0,0
광주시,2013,2013-05-17 15시,주간,금요일,차량단독,전도전복,안전운전 의무 불이행,교차로,교차로내,농기계,농기계,없음,없음,1,0,1,0,0
김포시,2013,2013-05-17 11시,주간,금요일,차대차,측면충돌,안전거리 미확보,단일로,기타단일로,이륜차,중형,승합차,대형,1,0,1,0,0
양평군,2013,2013-05-17 00시,야간,금요일,차대사람,차도통행중,안전운전 의무 불이행,단일로,기타단일로,승합차,소형,보행자,보행자,1,0,1,0,0
화성시,2013,2013-05-16 21시,야간,목요일,차대사람,길가장자리구역통행중,안전운전 의무 불이행,단일로,기타단일로,승용차,중형,보행자,보행자,1,0,1,0,0
화성시,2013,2013-05-16 17시,주간,목요일,차대차,진행중 추돌,차로위반(진로변경 위반),단일로,기타단일로,원동기장치자전거,원동기장치자전거,화물차,중형,1,0,1,0,0
고양시,2013,2013-05-16 15시,주간,목요일,차대차,측면충돌,안전거리 미확보,단일로,횡단보도상,자전거,자전거,승합차,대형,1,0,1,0,0
양주시,2013,2013-05-16 07시,주간,목요일,차량단독,공작물충돌,안전운전 의무 불이행,단일로,기타단일로,화물차,중형,없음,없음,1,0,1,0,0
수원시,2013,2013-05-16 05시,야간,목요일,차대차,측면충돌,신호위반,교차로,교차로내,이륜차,소형,승용차,대형,1,0,2,0,1
광주시,2013,2013-05-16 03시,야간,목요일,차량단독,공작물충돌,안전운전 의무 불이행,단일로,기타단일로,이륜차,중형,없음,없음,1,0,1,0,0
안산시,2013,2013-05-15 14시,주간,수요일,차대차,기타,중앙선 침범,단일로,기타단일로,자전거,자전거,승용차,중형,1,0,1,0,0
남양주시,2013,2013-05-15 03시,야간,수요일,차대사람,횡단중,안전운전 의무 불이행,교차로,교차로부근,승용차,대형,보행자,보행자,1,0,1,0,0
수원시,2013,2013-05-15 01시,야간,수요일,차대차,측면충돌,신호위반,교차로,교차로내,승용차,대형,승용차,경형,1,6,7,0,0
부천시,2013,2013-05-14 13시,주간,화요일,차대사람,기타,보행자 보호의무 위반,교차로,교차로부근,건설기계,건설기계,보행자,보행자,1,0,1,0,0
시흥시,2013,2013-05-13 23시,야간,월요일,차대사람,횡단중,과속,교차로,교차로내,승용차,중형,보행자,보행자,1,0,1,0,0
이천시,2013,2013-05-13 20시,야간,월요일,차대차,정면충돌,중앙선 침범,단일로,기타단일로,승용차,소형,이륜차,소형,1,0,1,0,0
수원시,2013,2013-05-13 09시,주간,월요일,차대차,주정차중 추돌,안전운전 의무 불이행,교차로,교차로부근,승용차,중형,화물차,대형,1,0,1,0,0
수원시,2013,2013-05-12 22시,야간,일요일,차대사람,횡단중,안전운전 의무 불이행,단일로,기타단일로,승용차,중형,보행자,보행자,1,0,1,0,0
용인시,2013,2013-05-12 12시,주간,일요일,차량단독,전도전복,안전운전 의무 불이행,단일로,기타단일로,승합차,소형,없음,없음,1,0,6,5,0
여주시,2013,2013-05-12 09시,주간,일요일,차대차,측면충돌,안전운전 의무 불이행,교차로,교차로내,이륜차,사발이,승합차,대형,1,0,1,0,0
안산시,2013,2013-05-11 22시,야간,토요일,차량단독,도로이탈 기타,안전운전 의무 불이행,단일로,기타단일로,이륜차,중형,없음,없음,1,0,1,0,0
파주시,2013,2013-05-11 17시,주간,토요일,차대차,기타,안전운전 의무 불이행,단일로,기타단일로,이륜차,중형,화물차,소형,1,0,1,0,0
군포시,2013,2013-05-10 22시,야간,금요일,차대사람,횡단중,신호위반,단일로,횡단보도상,특수차,중형,보행자,보행자,1,0,1,0,0
용인시,2013,2013-05-08 01시,야간,수요일,차대사람,기타,안전운전 의무 불이행,교차로,교차로내,승용차,중형,보행자,보행자,1,0,1,0,0
평택시,2013,2013-05-07 23시,야간,화요일,차대차,진행중 추돌,안전운전 의무 불이행,단일로,기타단일로,승용차,중형,건설기계,건설기계,1,0,3,0,2
이천시,2013,2013-05-07 15시,주간,화요일,차대차,정면충돌,중앙선 침범,교차로,교차로부근,이륜차,대형,화물차,대형,1,0,1,0,0
광명시,2013,2013-05-06 23시,야간,월요일,차대차,정면충돌,중앙선 침범,단일로,기타단일로,원동기장치자전거,원동기장치자전거,승합차,대형,1,0,1,0,0
이천시,2013,2013-05-06 16시,주간,월요일,차대차,측면충돌,직진 및 우회전차의 통행방해,교차로,교차로내,원동기장치자전거,원동기장치자전거,승용차,중형,1,1,2,0,0
안산시,2013,2013-05-06 12시,주간,월요일,차대차,진행중 추돌,안전운전 의무 불이행,단일로,기타단일로,화물차,소형,화물차,소형,1,0,2,0,1
화성시,2013,2013-05-05 07시,주간,일요일,차량단독,전도전복,안전운전 의무 불이행,교차로,교차로내,승용차,중형,없음,없음,1,1,2,0,0
성남시,2013,2013-05-04 09시,주간,토요일,차량단독,공작물충돌,안전운전 의무 불이행,단일로,기타단일로,승용차,중형,없음,없음,1,0,2,0,1
하남시,2013,2013-05-04 06시,주간,토요일,차대차,측면충돌,신호위반,교차로,교차로내,화물차,대형,승용차,중형,1,0,3,0,2
안양시,2013,2013-05-03 09시,주간,금요일,차대사람,보도통행중,보행자 보호의무 위반,교차로,교차로부근,승합차,대형,보행자,보행자,1,0,1,0,0
안성시,2013,2013-05-03 06시,주간,금요일,차대차,정면충돌,중앙선 침범,단일로,기타단일로,승용차,대형,화물차,중형,1,1,2,0,0
평택시,2013,2013-05-02 19시,야간,목요일,차량단독,공작물충돌,안전운전 의무 불이행,기타/불명,기타/불명,화물차,중형,없음,없음,1,0,1,0,0
파주시,2013,2013-05-02 15시,주간,목요일,차량단독,공작물충돌,안전운전 의무 불이행,단일로,기타단일로,승용차,중형,없음,없음,1,0,1,0,0
시흥시,2013,2013-05-01 11시,주간,수요일,차대사람,횡단중,안전운전 의무 불이행,단일로,기타단일로,승용차,중형,보행자,보행자,1,0,1,0,0
고양시,2013,2013-05-01 10시,주간,수요일,차대차,진행중 추돌,안전거리 미확보,단일로,기타단일로,자전거,자전거,승합차,대형,1,0,1,0,0
구리시,2013,2013-05-01 08시,주간,수요일,차대사람,횡단중,안전운전 의무 불이행,교차로,교차로내,승합차,대형,보행자,보행자,1,0,1,0,0
성남시,2013,2013-04-30 23시,야간,화요일,차대사람,차도통행중,안전운전 의무 불이행,교차로,교차로부근,승용차,중형,보행자,보행자,1,0,1,0,0
안성시,2013,2013-04-30 23시,야간,화요일,차대사람,횡단중,안전운전 의무 불이행,단일로,기타단일로,화물차,소형,보행자,보행자,1,0,1,0,0
동두천시,2013,2013-04-30 20시,야간,화요일,차대차,기타,안전운전 의무 불이행,단일로,기타단일로,승용차,중형,승합차,대형,1,0,1,0,0
광명시,2013,2013-04-30 09시,주간,화요일,차대차,측면충돌,신호위반,교차로,교차로부근,승용차,중형,승용차,중형,1,2,4,0,1
수원시,2013,2013-04-30 09시,주간,화요일,차대차,측면충돌,안전운전 의무 불이행,단일로,기타단일로,승용차,소형,승용차,소형,1,2,4,0,1
화성시,2013,2013-04-30 06시,주간,화요일,차대사람,횡단중,안전운전 의무 불이행,단일로,기타단일로,화물차,중형,보행자,보행자,1,0,1,0,0
이천시,2013,2013-04-28 19시,야간,일요일,차량단독,도로이탈 기타,안전운전 의무 불이행,단일로,기타단일로,이륜차,중형,없음,없음,1,0,1,0,0
평택시,2013,2013-04-28 15시,주간,일요일,차대사람,기타,안전운전 의무 불이행,교차로,교차로부근,승용차,중형,보행자,보행자,1,0,1,0,0
성남시,2013,2013-04-28 13시,주간,일요일,차대사람,기타,안전운전 의무 불이행,단일로,기타단일로,승합차,대형,보행자,보행자,1,0,1,0,0
수원시,2013,2013-04-27 22시,야간,토요일,차대사람,차도통행중,안전운전 의무 불이행,교차로,교차로내,승용차,경형,보행자,보행자,1,0,1,0,0
부천시,2013,2013-04-27 17시,주간,토요일,차대차,정면충돌,신호위반,교차로,교차로부근,승용차,중형,원동기장치자전거,원동기장치자전거,1,0,1,0,0
포천시,2013,2013-04-27 10시,주간,토요일,차대사람,기타,안전운전 의무 불이행,단일로,기타단일로,승용차,소형,보행자,보행자,1,1,2,0,0
고양시,2013,2013-04-27 04시,야간,토요일,차량단독,공작물충돌,안전운전 의무 불이행,단일로,기타단일로,승용차,경형,없음,없음,1,0,1,0,0
여주시,2013,2013-04-26 21시,야간,금요일,차대사람,기타,안전운전 의무 불이행,단일로,기타단일로,화물차,중형,보행자,보행자,1,0,1,0,0
연천군,2013,2013-04-26 20시,야간,금요일,차대사람,횡단중,신호위반,단일로,횡단보도상,승합차,중형,보행자,보행자,1,1,3,0,1
수원시,2013,2013-04-26 08시,주간,금요일,차대차,진행중 추돌,안전운전 의무 불이행,단일로,기타단일로,승용차,중형,자전거,자전거,1,0,1,0,0
파주시,2013,2013-04-25 12시,주간,목요일,차량단독,기타,안전운전 의무 불이행,단일로,기타단일로,화물차,소형,없음,없음,1,1,2,0,0
이천시,2013,2013-04-24 00시,야간,수요일,차대사람,횡단중,안전운전 의무 불이행,단일로,기타단일로,승합차,소형,보행자,보행자,1,0,1,0,0
광주시,2013,2013-04-23 19시,야간,화요일,차대사람,횡단중,안전운전 의무 불이행,교차로,교차로부근,화물차,소형,보행자,보행자,1,0,1,0,0
김포시,2013,2013-04-23 15시,주간,화요일,차대차,기타,안전운전 의무 불이행,기타/불명,기타/불명,화물차,소형,승용차,중형,1,0,1,0,0
하남시,2013,2013-04-23 05시,야간,화요일,차대차,진행중 추돌,안전운전 의무 불이행,단일로,기타단일로,승용차,중형,화물차,대형,1,0,2,0,1
포천시,2013,2013-04-22 08시,주간,월요일,차대사람,횡단중,안전운전 의무 불이행,단일로,기타단일로,승용차,소형,보행자,보행자,1,0,1,0,0
안산시,2013,2013-04-22 02시,야간,월요일,차대차,기타,신호위반,교차로,교차로내,승용차,중형,승용차,중형,1,3,4,0,0
화성시,2013,2013-04-21 10시,주간,일요일,차량단독,전도전복,안전운전 의무 불이행,단일로,기타단일로,승용차,대형,없음,없음,1,1,2,0,0
수원시,2013,2013-04-21 00시,야간,일요일,차대사람,횡단중,신호위반,교차로,교차로내,승용차,중형,보행자,보행자,1,0,1,0,0
화성시,2013,2013-04-20 20시,야간,토요일,차대차,진행중 추돌,안전운전 의무 불이행,단일로,기타단일로,화물차,소형,농기계,농기계,1,0,1,0,0
화성시,2013,2013-04-20 18시,야간,토요일,차량단독,공작물충돌,안전운전 의무 불이행,단일로,기타단일로,화물차,소형,없음,없음,1,0,1,0,0
안산시,2013,2013-04-20 05시,야간,토요일,차대사람,횡단중,안전운전 의무 불이행,단일로,기타단일로,승용차,중형,보행자,보행자,1,0,1,0,0
고양시,2013,2013-04-20 04시,야간,토요일,차량단독,공작물충돌,안전운전 의무 불이행,교차로,교차로내,승용차,중형,없음,없음,1,0,1,0,0
평택시,2013,2013-04-20 00시,야간,토요일,차대사람,횡단중,안전운전 의무 불이행,단일로,기타단일로,승용차,중형,보행자,보행자,1,0,1,0,0
포천시,2013,2013-04-19 23시,야간,금요일,차량단독,공작물충돌,안전운전 의무 불이행,단일로,기타단일로,승용차,경형,없음,없음,1,0,1,0,0
부천시,2013,2013-04-18 19시,야간,목요일,차대사람,기타,안전운전 의무 불이행,단일로,기타단일로,승용차,중형,보행자,보행자,1,0,1,0,0
의왕시,2013,2013-04-17 12시,주간,수요일,차대차,기타,과속,단일로,기타단일로,승용차,소형,자전거,자전거,2,1,6,0,3
동두천시,2013,2013-04-17 11시,주간,수요일,차량단독,공작물충돌,안전운전 의무 불이행,단일로,기타단일로,승용차,소형,없음,없음,1,0,1,0,0
용인시,2013,2013-04-17 05시,야간,수요일,차량단독,공작물충돌,안전운전 의무 불이행,단일로,기타단일로,승용차,중형,없음,없음,1,0,3,0,2
안산시,2013,2013-04-16 04시,야간,화요일,차량단독,공작물충돌,안전운전 의무 불이행,단일로,기타단일로,이륜차,소형,없음,없음,1,1,2,0,0
김포시,2013,2013-04-14 22시,야간,일요일,차대사람,횡단중,안전운전 의무 불이행,교차로,교차로부근,승용차,경형,보행자,보행자,1,0,1,0,0
고양시,2013,2013-04-13 21시,야간,토요일,차대차,측면충돌,중앙선 침범,단일로,기타단일로,승용차,중형,이륜차,대형,1,0,1,0,0
남양주시,2013,2013-04-13 20시,야간,토요일,차대사람,횡단중,안전운전 의무 불이행,단일로,기타단일로,승용차,소형,보행자,보행자,1,0,1,0,0
평택시,2013,2013-04-13 12시,주간,토요일,차대차,주정차중 추돌,안전운전 의무 불이행,단일로,기타단일로,승합차,대형,승합차,대형,1,13,22,0,8
광주시,2013,2013-04-13 00시,야간,토요일,차대차,정면충돌,중앙선 침범,단일로,기타단일로,화물차,소형,승합차,대형,1,5,22,0,16
의왕시,2013,2013-04-11 20시,야간,목요일,차대사람,기타,안전운전 의무 불이행,기타/불명,기타/불명,승용차,대형,보행자,보행자,1,0,1,0,0
가평군,2013,2013-04-11 16시,주간,목요일,차대사람,기타,안전운전 의무 불이행,단일로,횡단보도상,승용차,중형,보행자,보행자,1,0,1,0,0
양주시,2013,2013-04-11 09시,주간,목요일,차대사람,차도통행중,안전운전 의무 불이행,교차로,교차로부근,화물차,대형,보행자,보행자,1,0,1,0,0
고양시,2013,2013-04-11 04시,야간,목요일,차량단독,전도전복,안전운전 의무 불이행,단일로,기타단일로,이륜차,소형,없음,없음,1,0,1,0,0
남양주시,2013,2013-04-11 00시,야간,목요일,차대차,정면충돌,중앙선 침범,단일로,기타단일로,승용차,소형,승용차,중형,2,0,2,0,0
여주시,2013,2013-04-09 21시,야간,화요일,차대차,진행중 추돌,안전운전 의무 불이행,단일로,기타단일로,승용차,대형,건설기계,건설기계,1,0,2,0,1
포천시,2013,2013-04-09 14시,주간,화요일,차대사람,기타,안전운전 의무 불이행,기타/불명,기타/불명,건설기계,건설기계,보행자,보행자,1,0,1,0,0
수원시,2013,2013-04-09 13시,주간,화요일,차대사람,보도통행중,기타(운전자법규위반),단일로,기타단일로,건설기계,건설기계,보행자,보행자,1,0,1,0,0
양평군,2013,2013-04-08 17시,주간,월요일,차대차,기타,안전운전 의무 불이행,교차로,교차로부근,불명,불명,이륜차,소형,1,0,1,0,0
안성시,2013,2013-04-07 17시,주간,일요일,차대차,기타,안전운전 의무 불이행,단일로,기타단일로,화물차,중형,화물차,소형,1,0,1,0,0
용인시,2013,2013-04-06 03시,야간,토요일,차대차,주정차중 추돌,안전운전 의무 불이행,단일로,기타단일로,화물차,대형,화물차,중형,1,0,1,0,0
김포시,2013,2013-04-06 00시,야간,토요일,차량단독,전도전복,안전운전 의무 불이행,단일로,기타단일로,이륜차,소형,없음,없음,1,0,1,0,0
성남시,2013,2013-04-05 09시,주간,금요일,차대사람,기타,안전운전 의무 불이행,단일로,기타단일로,화물차,소형,보행자,보행자,1,0,1,0,0
동두천시,2013,2013-04-04 16시,주간,목요일,차대차,측면충돌,신호위반,교차로,교차로내,화물차,소형,이륜차,대형,1,0,1,0,0
포천시,2013,2013-04-03 21시,야간,수요일,차대사람,횡단중,안전운전 의무 불이행,교차로,교차로내,승용차,중형,보행자,보행자,1,0,1,0,0
평택시,2013,2013-04-03 20시,야간,수요일,차대차,기타,신호위반,교차로,교차로내,화물차,중형,승용차,중형,1,0,1,0,0
성남시,2013,2013-04-03 17시,주간,수요일,차대차,측면충돌,안전운전 의무 불이행,교차로,교차로내,승용차,중형,이륜차,중형,1,0,1,0,0
파주시,2013,2013-04-02 17시,주간,화요일,차대사람,기타,안전운전 의무 불이행,교차로,교차로부근,화물차,소형,보행자,보행자,1,0,1,0,0
화성시,2013,2013-04-02 08시,주간,화요일,차대차,측면충돌,교차로 통행방법 위반,교차로,교차로내,승용차,소형,승용차,소형,1,1,3,0,1
성남시,2013,2013-04-01 09시,주간,월요일,차대사람,차도통행중,안전운전 의무 불이행,교차로,교차로부근,승합차,대형,보행자,보행자,1,0,1,0,0
평택시,2013,2013-03-31 00시,야간,일요일,차대사람,기타,안전운전 의무 불이행,교차로,교차로부근,승용차,중형,보행자,보행자,1,0,1,0,0
안성시,2013,2013-03-30 06시,주간,토요일,차대차,측면충돌,신호위반,교차로,교차로내,승용차,중형,승용차,소형,1,1,2,0,0
광주시,2013,2013-03-29 23시,야간,금요일,차대차,정면충돌,중앙선 침범,단일로,기타단일로,화물차,소형,승합차,대형,1,2,8,0,5
오산시,2013,2013-03-29 15시,주간,금요일,차대차,주정차중 추돌,중앙선 침범,단일로,기타단일로,화물차,경형,승합차,대형,1,0,2,0,1
연천군,2013,2013-03-29 14시,주간,금요일,차량단독,공작물충돌,안전운전 의무 불이행,단일로,기타단일로,이륜차,중형,없음,없음,1,0,1,0,0
용인시,2013,2013-03-29 10시,주간,금요일,차대사람,횡단중,안전운전 의무 불이행,교차로,교차로내,화물차,경형,보행자,보행자,1,0,1,0,0
평택시,2013,2013-03-29 05시,야간,금요일,차량단독,공작물충돌,중앙선 침범,단일로,기타단일로,승용차,중형,없음,없음,1,0,1,0,0
안산시,2013,2013-03-28 11시,주간,목요일,차대차,측면충돌,부당한 회전,단일로,기타단일로,자전거,자전거,승용차,중형,1,0,1,0,0
의정부시,2013,2013-03-28 04시,야간,목요일,차대사람,횡단중,안전운전 의무 불이행,단일로,횡단보도상,승용차,중형,보행자,보행자,1,0,1,0,0
안산시,2013,2013-03-28 02시,야간,목요일,차대사람,횡단중,안전운전 의무 불이행,교차로,교차로내,승용차,경형,보행자,보행자,1,2,4,0,1
평택시,2013,2013-03-27 22시,야간,수요일,차대사람,차도통행중,안전운전 의무 불이행,교차로,교차로부근,승합차,대형,보행자,보행자,1,0,1,0,0
용인시,2013,2013-03-27 16시,주간,수요일,차대사람,차도통행중,안전운전 의무 불이행,단일로,기타단일로,승용차,중형,보행자,보행자,1,0,1,0,0
안산시,2013,2013-03-27 15시,주간,수요일,차대차,진행중 추돌,안전운전 의무 불이행,단일로,지하차도(도로)내,건설기계,건설기계,원동기장치자전거,원동기장치자전거,1,0,1,0,0
안성시,2013,2013-03-27 13시,주간,수요일,차대차,측면충돌,안전운전 의무 불이행,단일로,기타단일로,화물차,중형,자전거,자전거,1,0,1,0,0
화성시,2013,2013-03-27 00시,야간,수요일,차량단독,기타,안전운전 의무 불이행,단일로,기타단일로,이륜차,소형,없음,없음,1,0,1,0,0
안양시,2013,2013-03-25 22시,야간,월요일,차대차,정면충돌,중앙선 침범,단일로,기타단일로,승용차,중형,승용차,소형,1,1,2,0,0
안양시,2013,2013-03-24 21시,야간,일요일,차대사람,기타,안전운전 의무 불이행,단일로,기타단일로,승용차,대형,보행자,보행자,1,0,1,0,0
시흥시,2013,2013-03-24 21시,야간,일요일,차대사람,횡단중,신호위반,교차로,교차로내,승용차,대형,보행자,보행자,1,0,1,0,0
의정부시,2013,2013-03-24 04시,야간,일요일,차량단독,공작물충돌,안전운전 의무 불이행,단일로,터널안,승용차,중형,없음,없음,1,0,1,0,0
고양시,2013,2013-03-24 01시,야간,일요일,차량단독,공작물충돌,안전운전 의무 불이행,단일로,기타단일로,승용차,중형,없음,없음,2,1,3,0,0
수원시,2013,2013-03-23 20시,야간,토요일,차대사람,기타,신호위반,교차로,교차로내,승용차,중형,보행자,보행자,1,0,1,0,0
용인시,2013,2013-03-23 07시,주간,토요일,차량단독,전도전복,안전운전 의무 불이행,단일로,기타단일로,이륜차,사발이,없음,없음,1,0,1,0,0
양평군,2013,2013-03-23 03시,야간,토요일,차대차,정면충돌,중앙선 침범,단일로,기타단일로,승용차,소형,화물차,소형,1,1,2,0,0
시흥시,2013,2013-03-22 07시,주간,금요일,차대차,진행중 추돌,안전운전 의무 불이행,단일로,기타단일로,화물차,소형,승용차,중형,1,0,1,0,0
안산시,2013,2013-03-22 00시,야간,금요일,차대사람,횡단중,안전운전 의무 불이행,단일로,기타단일로,승용차,대형,보행자,보행자,1,0,1,0,0
성남시,2013,2013-03-21 15시,주간,목요일,차대사람,차도통행중,안전운전 의무 불이행,단일로,기타단일로,승용차,중형,보행자,보행자,1,0,1,0,0
평택시,2013,2013-03-20 22시,야간,수요일,차량단독,공작물충돌,안전운전 의무 불이행,단일로,기타단일로,승용차,경형,없음,없음,1,0,1,0,0
성남시,2013,2013-03-19 23시,야간,화요일,차대사람,차도통행중,안전운전 의무 불이행,교차로,교차로부근,승용차,중형,보행자,보행자,1,0,1,0,0
안성시,2013,2013-03-19 17시,주간,화요일,차량단독,도로이탈 추락,안전운전 의무 불이행,단일로,기타단일로,승용차,대형,없음,없음,1,0,1,0,0
시흥시,2013,2013-03-19 13시,주간,화요일,차대사람,횡단중,안전운전 의무 불이행,교차로,교차로내,화물차,대형,보행자,보행자,1,0,1,0,0
양평군,2013,2013-03-18 20시,야간,월요일,차대사람,횡단중,안전운전 의무 불이행,단일로,기타단일로,승용차,대형,보행자,보행자,1,0,1,0,0
화성시,2013,2013-03-18 17시,주간,월요일,차대차,측면충돌,신호위반,교차로,교차로내,승합차,중형,화물차,소형,1,2,3,0,0
파주시,2013,2013-03-18 14시,주간,월요일,차대차,정면충돌,안전운전 의무 불이행,교차로,교차로부근,승용차,중형,화물차,대형,1,1,2,0,0
파주시,2013,2013-03-18 06시,주간,월요일,차량단독,공작물충돌,안전운전 의무 불이행,단일로,기타단일로,승용차,중형,없음,없음,1,0,1,0,0