시군명,발생년도,발생일자,주야구분명,사고요일,사고유형_대분류,사고유형,법규위반내용,도로형태_대분류,도로형태,당사자1_대분류,당사자1_차종,당사자2_대분류,당사자2_차종,사망자수,중상자수,부상자수,부상신고자수,경상자수
평택시,2013,2013-03-18 06시,주간,월요일,차대사람,횡단중,안전운전 의무 불이행,교차로,교차로내,승용차,중형,보행자,보행자,1,0,1,0,0
평택시,2013,2013-03-17 22시,야간,일요일,차대차,측면충돌,안전운전 의무 불이행,단일로,기타단일로,화물차,소형,건설기계,건설기계,1,0,1,0,0
시흥시,2013,2013-03-17 22시,야간,일요일,차대사람,횡단중,안전운전 의무 불이행,교차로,교차로부근,승용차,중형,보행자,보행자,1,0,1,0,0
남양주시,2013,2013-03-17 21시,야간,일요일,차대사람,기타,안전운전 의무 불이행,단일로,기타단일로,이륜차,소형,보행자,보행자,1,0,1,0,0
여주시,2013,2013-03-17 16시,주간,일요일,차량단독,도로이탈 기타,안전운전 의무 불이행,단일로,기타단일로,화물차,소형,없음,없음,1,0,1,0,0
안양시,2013,2013-03-16 17시,주간,토요일,차대사람,기타,안전운전 의무 불이행,단일로,기타단일로,승용차,경형,보행자,보행자,1,0,1,0,0
화성시,2013,2013-03-16 17시,주간,토요일,차량단독,공작물충돌,안전운전 의무 불이행,단일로,기타단일로,이륜차,중형,없음,없음,1,0,1,0,0
양평군,2013,2013-03-15 17시,주간,금요일,차대사람,기타,안전운전 의무 불이행,교차로,교차로부근,승용차,소형,보행자,보행자,1,0,1,0,0
파주시,2013,2013-03-15 14시,주간,금요일,차대사람,기타,안전운전 의무 불이행,교차로,교차로내,승합차,대형,보행자,보행자,1,0,1,0,0
화성시,2013,2013-03-15 06시,주간,금요일,차대차,측면충돌,교차로 통행방법 위반,교차로,교차로내,승용차,대형,화물차,중형,1,0,1,0,0
시흥시,2013,2013-03-14 23시,야간,목요일,차대차,주정차중 추돌,안전운전 의무 불이행,단일로,기타단일로,승용차,대형,화물차,중형,1,0,1,0,0
안성시,2013,2013-03-13 20시,야간,수요일,차대사람,횡단중,안전운전 의무 불이행,단일로,기타단일로,화물차,소형,보행자,보행자,1,0,1,0,0
고양시,2013,2013-03-13 14시,주간,수요일,차대사람,횡단중,안전운전 의무 불이행,단일로,기타단일로,이륜차,소형,보행자,보행자,1,0,1,0,0
김포시,2013,2013-03-12 18시,야간,화요일,차대차,기타,중앙선 침범,단일로,기타단일로,승용차,경형,승용차,소형,1,4,6,0,1
오산시,2013,2013-03-12 07시,주간,화요일,차대사람,횡단중,과속,교차로,교차로내,승용차,중형,보행자,보행자,1,0,1,0,0
용인시,2013,2013-03-11 19시,야간,월요일,차대사람,횡단중,안전운전 의무 불이행,단일로,기타단일로,화물차,소형,보행자,보행자,1,0,1,0,0
포천시,2013,2013-03-10 23시,야간,일요일,차대차,정면충돌,중앙선 침범,단일로,기타단일로,승용차,중형,승용차,중형,2,3,5,0,0
여주시,2013,2013-03-10 19시,야간,일요일,차대사람,차도통행중,안전운전 의무 불이행,단일로,기타단일로,승용차,중형,보행자,보행자,1,0,1,0,0
수원시,2013,2013-03-10 13시,주간,일요일,차대사람,기타,안전운전 의무 불이행,교차로,교차로부근,승합차,중형,보행자,보행자,1,0,1,0,0
여주시,2013,2013-03-09 20시,야간,토요일,차대사람,길가장자리구역통행중,안전운전 의무 불이행,단일로,기타단일로,승용차,소형,보행자,보행자,1,0,1,0,0
의왕시,2013,2013-03-09 16시,주간,토요일,차대차,기타,신호위반,교차로,교차로내,승용차,대형,원동기장치자전거,원동기장치자전거,1,0,1,0,0
성남시,2013,2013-03-09 11시,주간,토요일,차대차,기타,안전운전 의무 불이행,기타/불명,기타/불명,건설기계,건설기계,자전거,자전거,1,0,1,0,0
파주시,2013,2013-03-09 06시,주간,토요일,차량단독,기타,안전운전 의무 불이행,단일로,기타단일로,승용차,소형,없음,없음,1,0,1,0,0
용인시,2013,2013-03-09 00시,야간,토요일,차대차,측면충돌,신호위반,교차로,교차로내,승용차,중형,승합차,대형,1,1,2,0,0
안성시,2013,2013-03-09 00시,야간,토요일,차량단독,도로이탈 추락,안전운전 의무 불이행,단일로,기타단일로,건설기계,건설기계,없음,없음,1,0,1,0,0
남양주시,2013,2013-03-08 05시,야간,금요일,차대사람,기타,기타(운전자법규위반),단일로,기타단일로,승용차,중형,보행자,보행자,1,1,3,0,1
용인시,2013,2013-03-07 20시,야간,목요일,차대사람,기타,안전운전 의무 불이행,교차로,교차로부근,승용차,중형,보행자,보행자,1,0,1,0,0
안성시,2013,2013-03-06 12시,주간,수요일,차량단독,도로이탈 추락,안전운전 의무 불이행,단일로,기타단일로,농기계,농기계,없음,없음,1,0,1,0,0
성남시,2013,2013-03-05 13시,주간,화요일,차대사람,횡단중,안전운전 의무 불이행,단일로,횡단보도상,승합차,대형,보행자,보행자,1,0,1,0,0
의정부시,2013,2013-03-05 12시,주간,화요일,차대차,진행중 추돌,안전운전 의무 불이행,단일로,기타단일로,화물차,대형,화물차,소형,1,0,1,0,0
광주시,2013,2013-03-05 09시,주간,화요일,차대차,측면충돌,안전운전 의무 불이행,단일로,기타단일로,화물차,소형,자전거,자전거,1,0,1,0,0
평택시,2013,2013-03-04 22시,야간,월요일,차대차,기타,안전운전 의무 불이행,단일로,기타단일로,승용차,경형,화물차,대형,1,0,2,0,1
양주시,2013,2013-03-04 14시,주간,월요일,차량단독,기타,안전운전 의무 불이행,단일로,기타단일로,농기계,농기계,없음,없음,1,0,1,0,0
포천시,2013,2013-03-04 13시,주간,월요일,차대차,기타,안전운전 의무 불이행,교차로,교차로부근,승용차,소형,승용차,중형,1,1,3,0,1
이천시,2013,2013-03-04 08시,주간,월요일,차대차,주정차중 추돌,안전운전 의무 불이행,단일로,기타단일로,승용차,중형,화물차,중형,1,1,2,0,0
하남시,2013,2013-03-03 22시,야간,일요일,차대사람,횡단중,안전운전 의무 불이행,단일로,횡단보도부근,승용차,중형,보행자,보행자,1,0,1,0,0
여주시,2013,2013-03-03 00시,야간,일요일,차대사람,차도통행중,안전운전 의무 불이행,단일로,기타단일로,승용차,경형,보행자,보행자,1,0,1,0,0
성남시,2013,2013-03-03 00시,야간,일요일,차대사람,횡단중,안전운전 의무 불이행,단일로,기타단일로,승용차,경형,보행자,보행자,1,0,1,0,0
평택시,2013,2013-03-03 00시,야간,일요일,차대차,측면충돌,신호위반,교차로,교차로내,화물차,대형,승용차,소형,1,2,3,0,0
화성시,2013,2013-03-02 00시,야간,토요일,차량단독,전도전복,안전운전 의무 불이행,단일로,기타단일로,승용차,대형,없음,없음,1,0,1,0,0
안성시,2013,2013-03-01 07시,주간,금요일,차량단독,공작물충돌,안전운전 의무 불이행,교차로,교차로부근,이륜차,중형,없음,없음,1,0,1,0,0
부천시,2013,2013-03-01 04시,야간,금요일,차량단독,공작물충돌,안전운전 의무 불이행,단일로,기타단일로,승용차,중형,없음,없음,1,0,1,0,0
부천시,2013,2013-02-28 23시,야간,목요일,차대사람,횡단중,안전운전 의무 불이행,교차로,교차로부근,화물차,중형,보행자,보행자,1,0,1,0,0
포천시,2013,2013-02-27 11시,주간,수요일,차대사람,횡단중,안전운전 의무 불이행,교차로,교차로내,승용차,중형,보행자,보행자,1,0,1,0,0
양평군,2013,2013-02-26 22시,야간,화요일,차대차,측면충돌,중앙선 침범,단일로,기타단일로,화물차,소형,승용차,소형,1,0,1,0,0
성남시,2013,2013-02-26 22시,야간,화요일,차대차,측면충돌,안전운전 의무 불이행,교차로,교차로내,승용차,중형,승합차,중형,1,0,3,1,1
고양시,2013,2013-02-25 22시,야간,월요일,차량단독,공작물충돌,안전운전 의무 불이행,단일로,기타단일로,승용차,중형,없음,없음,1,0,1,0,0
용인시,2013,2013-02-25 22시,야간,월요일,차대사람,횡단중,안전운전 의무 불이행,단일로,기타단일로,승용차,소형,보행자,보행자,1,0,1,0,0
연천군,2013,2013-02-25 21시,야간,월요일,차량단독,공작물충돌,안전운전 의무 불이행,단일로,기타단일로,승용차,경형,없음,없음,1,0,1,0,0
포천시,2013,2013-02-25 20시,야간,월요일,차대사람,길가장자리구역통행중,안전운전 의무 불이행,단일로,교량위,승용차,중형,보행자,보행자,1,0,1,0,0
이천시,2013,2013-02-25 20시,야간,월요일,차대차,정면충돌,중앙선 침범,교차로,교차로내,원동기장치자전거,원동기장치자전거,승용차,대형,1,0,2,0,1
용인시,2013,2013-02-25 14시,주간,월요일,차량단독,공작물충돌,안전운전 의무 불이행,단일로,기타단일로,승용차,대형,없음,없음,1,0,1,0,0
남양주시,2013,2013-02-25 04시,야간,월요일,차대사람,기타,안전운전 의무 불이행,단일로,기타단일로,승용차,중형,보행자,보행자,1,0,1,0,0
여주시,2013,2013-02-24 21시,야간,일요일,차대차,정면충돌,중앙선 침범,단일로,기타단일로,원동기장치자전거,원동기장치자전거,화물차,소형,1,0,1,0,0
안성시,2013,2013-02-24 21시,야간,일요일,차대차,진행중 추돌,안전거리 미확보,단일로,기타단일로,화물차,중형,화물차,대형,1,0,2,0,1
파주시,2013,2013-02-24 16시,주간,일요일,차량단독,공작물충돌,안전운전 의무 불이행,단일로,기타단일로,화물차,중형,없음,없음,1,0,1,0,0
가평군,2013,2013-02-24 11시,주간,일요일,차대차,기타,안전운전 의무 불이행,단일로,기타단일로,승용차,중형,자전거,자전거,1,0,1,0,0
구리시,2013,2013-02-24 01시,야간,일요일,차량단독,공작물충돌,안전운전 의무 불이행,단일로,횡단보도부근,승용차,중형,없음,없음,1,0,1,0,0
남양주시,2013,2013-02-23 23시,야간,토요일,차량단독,공작물충돌,안전운전 의무 불이행,단일로,기타단일로,화물차,소형,없음,없음,1,1,2,0,0
수원시,2013,2013-02-23 21시,야간,토요일,차대사람,기타,안전운전 의무 불이행,단일로,기타단일로,승용차,경형,보행자,보행자,1,0,1,0,0
부천시,2013,2013-02-23 18시,야간,토요일,차대사람,기타,안전운전 의무 불이행,교차로,교차로부근,화물차,경형,보행자,보행자,1,0,1,0,0
고양시,2013,2013-02-23 14시,주간,토요일,차량단독,공작물충돌,안전운전 의무 불이행,단일로,기타단일로,승용차,중형,없음,없음,1,1,2,0,0
평택시,2013,2013-02-23 02시,야간,토요일,차량단독,공작물충돌,안전운전 의무 불이행,교차로,교차로부근,승용차,중형,없음,없음,1,0,1,0,0
김포시,2013,2013-02-22 22시,야간,금요일,차대사람,차도통행중,안전운전 의무 불이행,교차로,교차로내,승합차,소형,보행자,보행자,1,0,1,0,0
고양시,2013,2013-02-22 02시,야간,금요일,차량단독,공작물충돌,안전운전 의무 불이행,단일로,기타단일로,승용차,중형,없음,없음,1,0,1,0,0
남양주시,2013,2013-02-22 02시,야간,금요일,차량단독,공작물충돌,안전운전 의무 불이행,단일로,기타단일로,승용차,대형,없음,없음,1,0,2,0,1
안양시,2013,2013-02-21 21시,야간,목요일,차량단독,전도전복,안전운전 의무 불이행,단일로,기타단일로,원동기장치자전거,원동기장치자전거,없음,없음,1,0,1,0,0
여주시,2013,2013-02-21 10시,주간,목요일,차대차,기타,직진 및 우회전차의 통행방해,교차로,교차로내,건설기계,건설기계,승용차,소형,1,2,3,0,0
파주시,2013,2013-02-21 08시,주간,목요일,차량단독,공작물충돌,안전운전 의무 불이행,단일로,기타단일로,화물차,대형,없음,없음,1,0,1,0,0
평택시,2013,2013-02-21 06시,주간,목요일,차대차,정면충돌,중앙선 침범,단일로,기타단일로,승용차,경형,승용차,중형,1,1,3,0,1
용인시,2013,2013-02-21 01시,야간,목요일,차대사람,횡단중,안전운전 의무 불이행,단일로,기타단일로,승용차,중형,보행자,보행자,1,0,1,0,0
시흥시,2013,2013-02-20 15시,주간,수요일,차대사람,횡단중,신호위반,단일로,횡단보도상,건설기계,건설기계,보행자,보행자,1,0,1,0,0
고양시,2013,2013-02-19 20시,야간,화요일,차대차,측면충돌,안전운전 의무 불이행,단일로,기타단일로,승용차,경형,승합차,대형,1,0,1,0,0
여주시,2013,2013-02-19 14시,주간,화요일,차대사람,기타,안전운전 의무 불이행,단일로,기타단일로,승용차,대형,보행자,보행자,1,0,1,0,0
안양시,2013,2013-02-19 13시,주간,화요일,차대차,측면충돌,안전운전 의무 불이행,교차로,교차로내,자전거,자전거,승합차,대형,1,0,1,0,0
용인시,2013,2013-02-19 08시,주간,화요일,차량단독,공작물충돌,안전운전 의무 불이행,단일로,기타단일로,승용차,중형,없음,없음,1,0,1,0,0
용인시,2013,2013-02-19 00시,야간,화요일,차대사람,횡단중,보행자 보호의무 위반,단일로,횡단보도상,승용차,대형,보행자,보행자,1,0,1,0,0
시흥시,2013,2013-02-18 23시,야간,월요일,차량단독,전도전복,안전운전 의무 불이행,단일로,고가도로위,승용차,중형,없음,없음,1,0,1,0,0
성남시,2013,2013-02-18 22시,야간,월요일,차대사람,횡단중,안전운전 의무 불이행,교차로,교차로내,승용차,대형,보행자,보행자,1,0,1,0,0
시흥시,2013,2013-02-18 07시,주간,월요일,차량단독,기타,안전운전 의무 불이행,단일로,기타단일로,화물차,소형,없음,없음,1,0,1,0,0
오산시,2013,2013-02-17 01시,야간,일요일,차대차,기타,신호위반,교차로,교차로내,화물차,소형,화물차,소형,1,0,2,0,1
양주시,2013,2013-02-16 17시,주간,토요일,차량단독,전도전복,안전운전 의무 불이행,단일로,기타단일로,승용차,경형,없음,없음,1,0,1,0,0
고양시,2013,2013-02-16 13시,주간,토요일,차대차,측면충돌,신호위반,교차로,교차로내,승용차,중형,승합차,대형,1,3,6,0,2
파주시,2013,2013-02-15 17시,주간,금요일,차대차,진행중 추돌,안전운전 의무 불이행,단일로,기타단일로,승합차,소형,농기계,농기계,1,2,3,0,0
양평군,2013,2013-02-14 23시,야간,목요일,차대사람,기타,안전운전 의무 불이행,단일로,기타단일로,화물차,소형,보행자,보행자,1,0,1,0,0
구리시,2013,2013-02-14 12시,주간,목요일,차대차,측면충돌,안전운전 의무 불이행,단일로,횡단보도상,이륜차,소형,승합차,대형,1,0,1,0,0
가평군,2013,2013-02-13 23시,야간,수요일,차대사람,기타,안전운전 의무 불이행,단일로,기타단일로,승용차,소형,보행자,보행자,1,0,1,0,0
안양시,2013,2013-02-13 22시,야간,수요일,차대차,측면충돌,안전운전 의무 불이행,교차로,교차로부근,승용차,중형,승용차,중형,1,0,2,0,1
용인시,2013,2013-02-13 20시,야간,수요일,차대사람,횡단중,안전운전 의무 불이행,단일로,기타단일로,승용차,중형,보행자,보행자,1,0,1,0,0
여주시,2013,2013-02-13 07시,주간,수요일,차대사람,차도통행중,안전운전 의무 불이행,단일로,기타단일로,화물차,대형,보행자,보행자,1,0,1,0,0
파주시,2013,2013-02-12 16시,주간,화요일,차량단독,공작물충돌,안전운전 의무 불이행,단일로,기타단일로,승용차,소형,없음,없음,1,0,1,0,0
부천시,2013,2013-02-11 20시,야간,월요일,차량단독,공작물충돌,과속,단일로,기타단일로,승용차,중형,없음,없음,1,0,1,0,0
성남시,2013,2013-02-11 19시,야간,월요일,차대차,기타,중앙선 침범,교차로,교차로부근,승용차,중형,승용차,소형,1,0,3,0,2
평택시,2013,2013-02-10 17시,주간,일요일,차대차,측면충돌,신호위반,교차로,교차로내,승합차,중형,승용차,중형,1,0,9,0,8
광주시,2013,2013-02-10 08시,주간,일요일,차량단독,공작물충돌,안전운전 의무 불이행,단일로,기타단일로,승용차,중형,없음,없음,1,0,1,0,0
광주시,2013,2013-02-09 08시,주간,토요일,차대사람,기타,안전운전 의무 불이행,단일로,기타단일로,화물차,소형,보행자,보행자,1,0,1,0,0
연천군,2013,2013-02-08 21시,야간,금요일,차대사람,차도통행중,안전운전 의무 불이행,단일로,기타단일로,승용차,중형,보행자,보행자,1,0,1,0,0
구리시,2013,2013-02-08 09시,주간,금요일,차대차,기타,신호위반,교차로,교차로내,이륜차,소형,승용차,경형,1,0,1,0,0
수원시,2013,2013-02-08 06시,주간,금요일,차대차,주정차중 추돌,안전운전 의무 불이행,단일로,기타단일로,승용차,소형,승용차,중형,1,1,2,0,0
화성시,2013,2013-02-08 03시,야간,금요일,차량단독,공작물충돌,안전운전 의무 불이행,단일로,기타단일로,승용차,소형,없음,없음,1,0,1,0,0
남양주시,2013,2013-02-07 21시,야간,목요일,차대사람,기타,안전운전 의무 불이행,단일로,기타단일로,승용차,경형,보행자,보행자,1,0,1,0,0
광주시,2013,2013-02-07 19시,야간,목요일,차대사람,기타,안전운전 의무 불이행,단일로,기타단일로,승용차,중형,보행자,보행자,1,0,1,0,0
안양시,2013,2013-02-07 18시,야간,목요일,차대사람,횡단중,안전운전 의무 불이행,단일로,횡단보도상,승용차,소형,보행자,보행자,1,0,1,0,0
의정부시,2013,2013-02-06 14시,주간,수요일,차대차,기타,안전운전 의무 불이행,교차로,교차로내,승용차,중형,승용차,대형,1,0,1,0,0
고양시,2013,2013-02-05 07시,주간,화요일,차대사람,기타,안전운전 의무 불이행,단일로,기타단일로,승합차,대형,보행자,보행자,1,0,1,0,0
남양주시,2013,2013-02-04 22시,야간,월요일,차대사람,길가장자리구역통행중,안전운전 의무 불이행,교차로,교차로내,승용차,중형,보행자,보행자,1,0,1,0,0
남양주시,2013,2013-02-04 18시,야간,월요일,차대사람,기타,안전운전 의무 불이행,단일로,기타단일로,승합차,중형,보행자,보행자,1,0,1,0,0
포천시,2013,2013-02-04 11시,주간,월요일,차대차,정면충돌,중앙선 침범,단일로,기타단일로,승용차,소형,승합차,대형,1,1,5,1,2
평택시,2013,2013-02-04 07시,주간,월요일,차량단독,공작물충돌,안전운전 의무 불이행,교차로,교차로부근,승용차,중형,없음,없음,1,0,1,0,0
평택시,2013,2013-02-04 06시,주간,월요일,차량단독,공작물충돌,안전운전 의무 불이행,교차로,교차로부근,승용차,중형,없음,없음,1,0,2,0,1
평택시,2013,2013-02-03 00시,야간,일요일,차대사람,기타,안전운전 의무 불이행,교차로,교차로부근,승용차,소형,보행자,보행자,1,1,2,0,0
양평군,2013,2013-02-02 22시,야간,토요일,차량단독,전도전복,앞지르기 금지위반,단일로,기타단일로,화물차,소형,없음,없음,1,1,2,0,0
이천시,2013,2013-02-02 19시,야간,토요일,차대사람,횡단중,안전운전 의무 불이행,단일로,기타단일로,승합차,소형,보행자,보행자,1,0,1,0,0
평택시,2013,2013-02-02 06시,주간,토요일,차대사람,횡단중,안전운전 의무 불이행,교차로,교차로부근,승용차,소형,보행자,보행자,1,0,1,0,0
포천시,2013,2013-02-02 06시,주간,토요일,차량단독,공작물충돌,안전운전 의무 불이행,단일로,기타단일로,승합차,중형,없음,없음,2,2,5,0,1
포천시,2013,2013-02-02 04시,야간,토요일,차량단독,공작물충돌,안전운전 의무 불이행,단일로,기타단일로,승용차,중형,없음,없음,1,0,1,0,0
성남시,2013,2013-02-01 23시,야간,금요일,차대사람,기타,안전운전 의무 불이행,단일로,기타단일로,승합차,소형,보행자,보행자,1,0,1,0,0
남양주시,2013,2013-02-01 22시,야간,금요일,차대사람,횡단중,안전운전 의무 불이행,교차로,교차로부근,승합차,소형,보행자,보행자,1,0,1,0,0
성남시,2013,2013-02-01 20시,야간,금요일,차대차,진행중 추돌,중앙선 침범,단일로,기타단일로,승용차,대형,화물차,중형,1,0,2,0,1
파주시,2013,2013-02-01 11시,주간,금요일,차대차,정면충돌,교차로 통행방법 위반,교차로,교차로내,화물차,대형,화물차,소형,1,0,1,0,0
성남시,2013,2013-02-01 05시,야간,금요일,차량단독,기타,안전거리 미확보,단일로,기타단일로,승용차,중형,없음,없음,1,0,2,0,1
파주시,2013,2013-01-31 23시,야간,목요일,차대사람,횡단중,안전운전 의무 불이행,단일로,기타단일로,승용차,중형,보행자,보행자,1,0,1,0,0
화성시,2013,2013-01-31 13시,주간,목요일,차대차,주정차중 추돌,안전운전 의무 불이행,기타/불명,기타/불명,화물차,대형,화물차,소형,1,1,8,0,6
양주시,2013,2013-01-31 11시,주간,목요일,차대차,주정차중 추돌,안전운전 의무 불이행,단일로,기타단일로,승합차,대형,화물차,소형,1,9,11,0,1
평택시,2013,2013-01-31 07시,주간,목요일,차대사람,횡단중,보행자 보호의무 위반,교차로,교차로내,승합차,대형,보행자,보행자,1,0,1,0,0
의정부시,2013,2013-01-30 15시,주간,수요일,차대차,측면충돌,안전운전 의무 불이행,단일로,기타단일로,원동기장치자전거,원동기장치자전거,승용차,대형,1,0,1,0,0
화성시,2013,2013-01-30 13시,주간,수요일,차대차,주정차중 추돌,안전운전 의무 불이행,기타/불명,기타/불명,화물차,대형,화물차,소형,1,0,1,0,0
남양주시,2013,2013-01-30 06시,주간,수요일,차대사람,횡단중,안전운전 의무 불이행,단일로,기타단일로,승용차,경형,보행자,보행자,1,0,1,0,0
화성시,2013,2013-01-29 23시,야간,화요일,차량단독,공작물충돌,안전운전 의무 불이행,단일로,기타단일로,승용차,중형,없음,없음,1,0,1,0,0
평택시,2013,2013-01-29 21시,야간,화요일,차량단독,공작물충돌,안전운전 의무 불이행,단일로,기타단일로,승용차,중형,없음,없음,1,0,1,0,0
광주시,2013,2013-01-29 18시,야간,화요일,차대사람,보도통행중,안전운전 의무 불이행,단일로,기타단일로,승합차,소형,보행자,보행자,1,0,1,0,0
이천시,2013,2013-01-29 06시,주간,화요일,차대사람,기타,안전운전 의무 불이행,교차로,교차로부근,승용차,중형,보행자,보행자,1,0,1,0,0
화성시,2013,2013-01-28 10시,주간,월요일,차대사람,차도통행중,안전운전 의무 불이행,교차로,교차로내,건설기계,건설기계,보행자,보행자,1,0,1,0,0
김포시,2013,2013-01-28 07시,주간,월요일,차대사람,횡단중,안전운전 의무 불이행,교차로,교차로내,승용차,소형,보행자,보행자,1,0,1,0,0
평택시,2013,2013-01-27 19시,야간,일요일,차대사람,기타,안전운전 의무 불이행,교차로,교차로내,승용차,경형,보행자,보행자,1,0,1,0,0
부천시,2013,2013-01-27 18시,야간,일요일,차대사람,기타,안전운전 의무 불이행,단일로,기타단일로,승용차,소형,보행자,보행자,1,0,1,0,0
용인시,2013,2013-01-27 07시,주간,일요일,차대사람,횡단중,안전운전 의무 불이행,교차로,교차로부근,승용차,경형,보행자,보행자,1,0,1,0,0
용인시,2013,2013-01-27 00시,야간,일요일,차대사람,기타,안전운전 의무 불이행,단일로,기타단일로,화물차,소형,보행자,보행자,1,0,1,0,0
남양주시,2013,2013-01-26 18시,야간,토요일,차대사람,차도통행중,안전운전 의무 불이행,교차로,교차로부근,승합차,경형,보행자,보행자,1,0,1,0,0
고양시,2013,2013-01-26 17시,주간,토요일,차량단독,전도전복,안전운전 의무 불이행,단일로,기타단일로,승용차,중형,없음,없음,1,1,2,0,0
양주시,2013,2013-01-24 19시,야간,목요일,차대사람,기타,안전운전 의무 불이행,교차로,교차로내,승용차,소형,보행자,보행자,1,0,1,0,0
포천시,2013,2013-01-24 08시,주간,목요일,차량단독,공작물충돌,앞지르기 금지위반,단일로,기타단일로,승용차,소형,없음,없음,1,0,1,0,0
화성시,2013,2013-01-23 22시,야간,수요일,차대차,주정차중 추돌,안전운전 의무 불이행,단일로,고가도로위,승용차,대형,승합차,대형,1,0,1,0,0
고양시,2013,2013-01-23 18시,야간,수요일,차대사람,횡단중,신호위반,교차로,교차로부근,건설기계,건설기계,보행자,보행자,1,0,1,0,0
안산시,2013,2013-01-23 06시,주간,수요일,차대사람,횡단중,안전운전 의무 불이행,단일로,횡단보도상,승용차,대형,보행자,보행자,1,0,1,0,0
포천시,2013,2013-01-23 04시,야간,수요일,차대차,주정차중 추돌,안전운전 의무 불이행,단일로,기타단일로,승합차,소형,특수차,대형,1,0,1,0,0
김포시,2013,2013-01-23 02시,야간,수요일,차대차,정면충돌,중앙선 침범,단일로,기타단일로,화물차,중형,승용차,중형,1,1,2,0,0
평택시,2013,2013-01-22 21시,야간,화요일,차대차,주정차중 추돌,안전운전 의무 불이행,교차로,교차로부근,승용차,중형,특수차,대형,1,0,1,0,0
안양시,2013,2013-01-22 06시,주간,화요일,차대사람,기타,안전운전 의무 불이행,단일로,기타단일로,승합차,대형,보행자,보행자,1,0,2,0,1
안성시,2013,2013-01-22 03시,야간,화요일,차대차,정면충돌,중앙선 침범,단일로,기타단일로,승용차,소형,화물차,대형,1,0,2,0,1
안산시,2013,2013-01-21 20시,야간,월요일,차대차,주정차중 추돌,과속,단일로,기타단일로,승용차,소형,승합차,대형,1,1,2,0,0
안양시,2013,2013-01-21 14시,주간,월요일,차대사람,횡단중,안전운전 의무 불이행,단일로,기타단일로,승합차,소형,보행자,보행자,1,0,1,0,0
화성시,2013,2013-01-21 11시,주간,월요일,차대차,진행중 추돌,안전운전 의무 불이행,단일로,기타단일로,승용차,대형,승용차,대형,1,2,6,3,0
용인시,2013,2013-01-21 06시,주간,월요일,차대차,기타,안전운전 의무 불이행,교차로,교차로내,원동기장치자전거,원동기장치자전거,승합차,대형,1,0,1,0,0
용인시,2013,2013-01-21 06시,주간,월요일,차대차,측면충돌,신호위반,교차로,교차로내,승용차,소형,화물차,중형,1,2,3,0,0
구리시,2013,2013-01-20 20시,야간,일요일,차대사람,보도통행중,안전운전 의무 불이행,교차로,교차로내,승용차,대형,보행자,보행자,1,0,1,0,0
화성시,2013,2013-01-20 19시,야간,일요일,차량단독,공작물충돌,안전운전 의무 불이행,단일로,기타단일로,승용차,경형,없음,없음,1,0,1,0,0
고양시,2013,2013-01-20 07시,주간,일요일,차대차,측면충돌,중앙선 침범,단일로,기타단일로,승용차,소형,승합차,중형,1,2,8,0,5
용인시,2013,2013-01-20 07시,주간,일요일,차량단독,전도전복,안전운전 의무 불이행,단일로,기타단일로,승용차,대형,없음,없음,2,0,2,0,0
고양시,2013,2013-01-20 01시,야간,일요일,차량단독,공작물충돌,안전운전 의무 불이행,단일로,기타단일로,승용차,중형,없음,없음,1,0,1,0,0
화성시,2013,2013-01-20 00시,야간,일요일,차대차,진행중 추돌,안전운전 의무 불이행,단일로,기타단일로,화물차,소형,화물차,소형,1,1,2,0,0
남양주시,2013,2013-01-19 21시,야간,토요일,차대사람,기타,안전운전 의무 불이행,단일로,기타단일로,승용차,중형,보행자,보행자,1,0,1,0,0
여주시,2013,2013-01-19 07시,주간,토요일,차대차,측면충돌,안전운전 의무 불이행,단일로,기타단일로,승용차,경형,화물차,중형,1,0,1,0,0
시흥시,2013,2013-01-18 23시,야간,금요일,차대사람,차도통행중,안전운전 의무 불이행,단일로,기타단일로,승용차,중형,보행자,보행자,1,0,1,0,0
여주시,2013,2013-01-18 17시,주간,금요일,차대사람,횡단중,안전운전 의무 불이행,단일로,기타단일로,화물차,경형,보행자,보행자,1,0,1,0,0
김포시,2013,2013-01-18 13시,주간,금요일,차대사람,보도통행중,안전운전 의무 불이행,단일로,기타단일로,승용차,소형,보행자,보행자,1,0,1,0,0
평택시,2013,2013-01-18 05시,야간,금요일,차대차,측면충돌,신호위반,교차로,교차로내,자전거,자전거,건설기계,건설기계,1,0,1,0,0
성남시,2013,2013-01-17 22시,야간,목요일,차량단독,기타,안전운전 의무 불이행,단일로,터널안,승용차,대형,없음,없음,1,0,1,0,0
시흥시,2013,2013-01-17 19시,야간,목요일,차대사람,횡단중,안전운전 의무 불이행,단일로,기타단일로,화물차,소형,보행자,보행자,1,0,1,0,0
구리시,2013,2013-01-17 12시,주간,목요일,차대사람,횡단중,안전운전 의무 불이행,단일로,횡단보도상,승합차,대형,보행자,보행자,1,2,5,0,2
광주시,2013,2013-01-16 14시,주간,수요일,차대차,기타,신호위반,단일로,횡단보도상,화물차,소형,이륜차,중형,1,0,1,0,0