시군명,발생년도,발생일자,주야구분명,사고요일,사고유형_대분류,사고유형,법규위반내용,도로형태_대분류,도로형태,당사자1_대분류,당사자1_차종,당사자2_대분류,당사자2_차종,사망자수,중상자수,부상자수,부상신고자수,경상자수
하남시,2012,2012-07-01 01시,야간,일요일,차대차,진행중 추돌,안전운전 의무 불이행,단일로,기타단일로,승용차,중형,화물차,대형,1,1,2,0,0
화성시,2012,2012-06-30 20시,야간,토요일,차량단독,도로이탈 추락,안전운전 의무 불이행,단일로,기타단일로,승용차,대형,없음,없음,2,0,2,0,0
시흥시,2012,2012-06-30 08시,주간,토요일,차대차,측면충돌,안전운전 의무 불이행,단일로,교량위,승용차,중형,승용차,대형,1,0,2,0,1
의정부시,2012,2012-06-30 03시,야간,토요일,차대사람,횡단중,과속,교차로,교차로내,승용차,중형,보행자,보행자,1,0,1,0,0
가평군,2012,2012-06-30 01시,야간,토요일,차대사람,차도통행중,안전운전 의무 불이행,단일로,기타단일로,승용차,대형,보행자,보행자,1,0,1,0,0
화성시,2012,2012-06-30 01시,야간,토요일,차대차,기타,안전운전 의무 불이행,단일로,지하차도(도로)내,승용차,소형,승용차,중형,2,0,4,0,2
안산시,2012,2012-06-29 19시,야간,금요일,차대차,정면충돌,안전운전 의무 불이행,단일로,기타단일로,이륜차,소형,승용차,중형,1,0,1,0,0
안산시,2012,2012-06-29 18시,야간,금요일,차대사람,기타,안전운전 의무 불이행,단일로,횡단보도부근,승용차,소형,보행자,보행자,1,0,1,0,0
이천시,2012,2012-06-29 15시,주간,금요일,차대차,기타,안전거리 미확보,단일로,기타단일로,승용차,중형,승용차,소형,1,0,2,0,1
양주시,2012,2012-06-29 01시,야간,금요일,차량단독,전도전복,안전운전 의무 불이행,단일로,터널안,승용차,소형,없음,없음,1,0,1,0,0
하남시,2012,2012-06-29 00시,야간,금요일,차량단독,전도전복,안전운전 의무 불이행,단일로,기타단일로,이륜차,소형,없음,없음,1,0,1,0,0
포천시,2012,2012-06-28 23시,야간,목요일,차대차,주정차중 추돌,안전운전 의무 불이행,단일로,기타단일로,자전거,자전거,화물차,경형,1,0,1,0,0
이천시,2012,2012-06-28 14시,주간,목요일,차대차,주정차중 추돌,안전운전 의무 불이행,단일로,기타단일로,화물차,대형,승용차,소형,1,0,1,0,0
수원시,2012,2012-06-27 23시,야간,수요일,차량단독,전도전복,과속,단일로,기타단일로,승용차,중형,없음,없음,2,3,7,1,1
오산시,2012,2012-06-27 17시,주간,수요일,차대차,측면충돌,차로위반(진로변경 위반),단일로,기타단일로,승용차,대형,승합차,대형,1,0,1,0,0
부천시,2012,2012-06-27 14시,주간,수요일,차대차,기타,안전운전 의무 불이행,단일로,기타단일로,화물차,중형,자전거,자전거,1,0,1,0,0
평택시,2012,2012-06-26 18시,야간,화요일,차대차,기타,안전운전 의무 불이행,단일로,기타단일로,이륜차,소형,자전거,자전거,1,1,2,0,0
남양주시,2012,2012-06-26 11시,주간,화요일,차대차,정면충돌,중앙선 침범,단일로,횡단보도부근,승용차,경형,승용차,경형,1,0,2,0,1
성남시,2012,2012-06-26 06시,주간,화요일,차량단독,전도전복,안전운전 의무 불이행,단일로,기타단일로,화물차,소형,없음,없음,1,0,1,0,0
이천시,2012,2012-06-26 05시,야간,화요일,차량단독,도로이탈 추락,안전운전 의무 불이행,단일로,기타단일로,승용차,중형,없음,없음,1,1,2,0,0
의정부시,2012,2012-06-26 03시,야간,화요일,차대사람,횡단중,안전운전 의무 불이행,단일로,교량위,승용차,중형,보행자,보행자,1,0,1,0,0
남양주시,2012,2012-06-25 12시,주간,월요일,차대차,측면충돌,안전운전 의무 불이행,단일로,기타단일로,건설기계,건설기계,이륜차,중형,1,0,1,0,0
화성시,2012,2012-06-24 19시,야간,일요일,차량단독,전도전복,안전운전 의무 불이행,단일로,기타단일로,승합차,중형,없음,없음,2,5,8,0,1
안성시,2012,2012-06-24 08시,주간,일요일,차량단독,공작물충돌,안전운전 의무 불이행,단일로,기타단일로,승용차,중형,없음,없음,1,0,1,0,0
평택시,2012,2012-06-24 00시,야간,일요일,차량단독,공작물충돌,안전운전 의무 불이행,단일로,교량위,승용차,소형,없음,없음,1,0,1,0,0
안성시,2012,2012-06-23 15시,주간,토요일,차량단독,공작물충돌,안전운전 의무 불이행,단일로,기타단일로,승합차,소형,없음,없음,1,1,2,0,0
양주시,2012,2012-06-23 15시,주간,토요일,차대차,주정차중 추돌,안전운전 의무 불이행,기타/불명,기타/불명,승용차,중형,화물차,대형,1,1,3,0,1
시흥시,2012,2012-06-23 05시,야간,토요일,차대차,측면충돌,중앙선 침범,교차로,교차로부근,승용차,중형,승용차,중형,1,0,5,0,4
남양주시,2012,2012-06-23 01시,야간,토요일,차대사람,기타,안전운전 의무 불이행,단일로,기타단일로,승합차,대형,보행자,보행자,1,0,1,0,0
평택시,2012,2012-06-23 01시,야간,토요일,차량단독,기타,안전운전 의무 불이행,단일로,기타단일로,승용차,소형,없음,없음,1,0,1,0,0
시흥시,2012,2012-06-21 17시,주간,목요일,차대사람,기타,안전운전 의무 불이행,교차로,교차로부근,화물차,중형,보행자,보행자,1,0,1,0,0
이천시,2012,2012-06-20 15시,주간,수요일,차량단독,전도전복,안전운전 의무 불이행,단일로,기타단일로,이륜차,중형,없음,없음,1,0,1,0,0
평택시,2012,2012-06-20 08시,주간,수요일,차량단독,전도전복,안전운전 의무 불이행,단일로,기타단일로,원동기장치자전거,원동기장치자전거,없음,없음,1,0,1,0,0
시흥시,2012,2012-06-20 00시,야간,수요일,차대차,측면충돌,안전운전 의무 불이행,단일로,고가도로위,화물차,소형,승용차,중형,1,1,3,0,1
광주시,2012,2012-06-19 21시,야간,화요일,차대차,측면충돌,신호위반,교차로,교차로내,이륜차,중형,승용차,중형,1,0,1,0,0
고양시,2012,2012-06-19 17시,주간,화요일,차대사람,횡단중,안전운전 의무 불이행,단일로,횡단보도상,승합차,대형,보행자,보행자,1,0,1,0,0
구리시,2012,2012-06-19 07시,주간,화요일,차대사람,기타,안전운전 의무 불이행,단일로,기타단일로,자전거,자전거,보행자,보행자,1,0,1,0,0
용인시,2012,2012-06-19 02시,야간,화요일,차대차,주정차중 추돌,안전운전 의무 불이행,교차로,교차로부근,승용차,중형,화물차,소형,1,3,4,0,0
연천군,2012,2012-06-18 23시,야간,월요일,차대차,정면충돌,신호위반,단일로,기타단일로,자전거,자전거,승용차,중형,1,0,1,0,0
연천군,2012,2012-06-18 22시,야간,월요일,차대차,측면충돌,중앙선 침범,단일로,기타단일로,승용차,중형,화물차,대형,1,0,1,0,0
용인시,2012,2012-06-18 20시,야간,월요일,차대차,진행중 추돌,안전운전 의무 불이행,단일로,기타단일로,승용차,중형,화물차,소형,1,0,1,0,0
안성시,2012,2012-06-18 12시,주간,월요일,차대차,측면충돌,안전운전 의무 불이행,단일로,기타단일로,승용차,소형,자전거,자전거,1,0,1,0,0
부천시,2012,2012-06-18 08시,주간,월요일,차대차,기타,신호위반,교차로,교차로내,승합차,대형,자전거,자전거,1,0,1,0,0
시흥시,2012,2012-06-17 07시,주간,일요일,차대차,측면충돌,신호위반,교차로,교차로내,이륜차,대형,화물차,중형,1,0,1,0,0
평택시,2012,2012-06-17 02시,야간,일요일,차대차,주정차중 추돌,안전운전 의무 불이행,교차로,교차로부근,승용차,소형,화물차,대형,1,0,1,0,0
용인시,2012,2012-06-17 02시,야간,일요일,차량단독,전도전복,안전운전 의무 불이행,단일로,기타단일로,승용차,소형,없음,없음,1,0,1,0,0
가평군,2012,2012-06-16 21시,야간,토요일,차대사람,기타,안전운전 의무 불이행,단일로,기타단일로,승용차,중형,보행자,보행자,1,0,1,0,0
광주시,2012,2012-06-16 15시,주간,토요일,차량단독,공작물충돌,안전운전 의무 불이행,단일로,기타단일로,승용차,대형,없음,없음,1,0,1,0,0
용인시,2012,2012-06-16 06시,주간,토요일,차대차,주정차중 추돌,안전운전 의무 불이행,교차로,교차로부근,화물차,대형,화물차,중형,1,1,2,0,0
안성시,2012,2012-06-16 04시,야간,토요일,차대차,정면충돌,중앙선 침범,단일로,기타단일로,승용차,중형,승용차,중형,1,4,5,0,0
화성시,2012,2012-06-15 04시,야간,금요일,차량단독,전도전복,안전운전 의무 불이행,단일로,기타단일로,승용차,중형,없음,없음,1,1,2,0,0
남양주시,2012,2012-06-14 21시,야간,목요일,차대차,주정차중 추돌,안전운전 의무 불이행,단일로,교량위,화물차,소형,화물차,소형,1,1,2,0,0
광주시,2012,2012-06-14 20시,야간,목요일,차대차,측면충돌,안전거리 미확보,단일로,교량위,화물차,소형,승용차,대형,1,0,1,0,0
안양시,2012,2012-06-14 20시,야간,목요일,차대사람,횡단중,안전운전 의무 불이행,단일로,기타단일로,승용차,중형,보행자,보행자,1,0,1,0,0
이천시,2012,2012-06-14 14시,주간,목요일,차대사람,차도통행중,신호위반,교차로,교차로내,원동기장치자전거,원동기장치자전거,보행자,보행자,1,0,1,0,0
시흥시,2012,2012-06-14 11시,주간,월요일,차대차,기타,교차로 통행방법 위반,교차로,교차로내,승용차,중형,이륜차,중형,1,0,1,0,0
용인시,2012,2012-06-14 10시,주간,목요일,차대사람,횡단중,안전운전 의무 불이행,교차로,교차로내,화물차,소형,보행자,보행자,1,0,1,0,0
남양주시,2012,2012-06-13 19시,야간,수요일,차대차,기타,신호위반,교차로,교차로내,원동기장치자전거,원동기장치자전거,원동기장치자전거,원동기장치자전거,1,0,2,0,1
용인시,2012,2012-06-13 05시,야간,수요일,차대차,측면충돌,안전거리 미확보,교차로,교차로부근,승용차,경형,화물차,대형,1,0,1,0,0
오산시,2012,2012-06-12 20시,야간,화요일,차량단독,공작물충돌,안전운전 의무 불이행,단일로,기타단일로,승용차,대형,없음,없음,2,0,5,0,3
남양주시,2012,2012-06-11 17시,주간,월요일,차량단독,공작물충돌,안전운전 의무 불이행,단일로,터널안,승용차,경형,없음,없음,1,0,1,0,0
성남시,2012,2012-06-11 00시,야간,월요일,차대차,측면충돌,신호위반,교차로,교차로내,승합차,대형,승용차,중형,1,0,1,0,0
여주시,2012,2012-06-09 22시,야간,토요일,차량단독,전도전복,안전운전 의무 불이행,단일로,기타단일로,화물차,소형,없음,없음,1,0,1,0,0
이천시,2012,2012-06-09 19시,야간,토요일,차대차,진행중 추돌,안전운전 의무 불이행,단일로,기타단일로,승용차,중형,화물차,소형,1,1,3,0,1
파주시,2012,2012-06-09 12시,주간,토요일,차대차,측면충돌,신호위반,교차로,교차로내,자전거,자전거,승용차,중형,1,0,1,0,0
남양주시,2012,2012-06-09 02시,야간,토요일,차대차,정면충돌,신호위반,교차로,교차로내,이륜차,소형,승용차,중형,1,1,3,0,1
김포시,2012,2012-06-08 21시,야간,금요일,차대사람,차도통행중,안전운전 의무 불이행,단일로,기타단일로,화물차,소형,보행자,보행자,1,0,1,0,0
포천시,2012,2012-06-08 16시,주간,금요일,차대사람,보도통행중,보행자 보호의무 위반,단일로,기타단일로,승용차,중형,보행자,보행자,1,1,2,0,0
양평군,2012,2012-06-08 03시,야간,금요일,차대사람,차도통행중,안전운전 의무 불이행,단일로,기타단일로,이륜차,소형,보행자,보행자,1,2,3,0,0
파주시,2012,2012-06-07 23시,야간,목요일,차대차,주정차중 추돌,안전운전 의무 불이행,단일로,기타단일로,승용차,중형,승합차,대형,1,3,5,0,1
고양시,2012,2012-06-07 16시,주간,목요일,차대차,측면충돌,안전거리 미확보,단일로,기타단일로,원동기장치자전거,원동기장치자전거,승합차,대형,1,0,1,0,0
화성시,2012,2012-06-07 14시,주간,목요일,차대사람,횡단중,안전운전 의무 불이행,단일로,기타단일로,화물차,소형,보행자,보행자,1,0,1,0,0
광명시,2012,2012-06-07 07시,주간,목요일,차대차,주정차중 추돌,안전거리 미확보,단일로,기타단일로,원동기장치자전거,원동기장치자전거,화물차,소형,1,0,1,0,0
화성시,2012,2012-06-06 10시,주간,수요일,차대사람,횡단중,과속,단일로,횡단보도상,승용차,대형,보행자,보행자,1,0,1,0,0
안산시,2012,2012-06-05 10시,주간,화요일,차대사람,차도통행중,안전운전 의무 불이행,교차로,교차로내,화물차,소형,보행자,보행자,1,0,1,0,0
용인시,2012,2012-06-04 14시,주간,월요일,차대차,진행중 추돌,안전운전 의무 불이행,단일로,기타단일로,화물차,소형,화물차,소형,1,0,2,0,1
평택시,2012,2012-06-04 10시,주간,월요일,차량단독,도로이탈 추락,안전운전 의무 불이행,교차로,교차로부근,화물차,중형,없음,없음,1,0,1,0,0
고양시,2012,2012-06-03 16시,주간,일요일,차대차,정면충돌,중앙선 침범,단일로,기타단일로,승용차,중형,승용차,중형,1,1,2,0,0
용인시,2012,2012-06-02 09시,주간,토요일,차대사람,기타,중앙선 침범,교차로,교차로부근,건설기계,건설기계,보행자,보행자,1,1,2,0,0
김포시,2012,2012-06-01 23시,야간,금요일,차대사람,기타,안전운전 의무 불이행,단일로,기타단일로,승용차,중형,보행자,보행자,1,0,1,0,0
성남시,2012,2012-06-01 23시,야간,금요일,차대사람,차도통행중,안전운전 의무 불이행,단일로,기타단일로,승용차,대형,보행자,보행자,1,0,1,0,0
포천시,2012,2012-06-01 21시,야간,금요일,차대차,측면충돌,안전거리 미확보,단일로,기타단일로,화물차,소형,자전거,자전거,1,0,1,0,0
의정부시,2012,2012-06-01 18시,야간,금요일,차대사람,횡단중,안전운전 의무 불이행,단일로,기타단일로,화물차,소형,보행자,보행자,1,0,1,0,0
남양주시,2012,2012-05-31 12시,주간,목요일,차대차,정면충돌,중앙선 침범,단일로,기타단일로,화물차,소형,건설기계,건설기계,1,1,2,0,0
성남시,2012,2012-05-31 08시,주간,목요일,차대차,주정차중 추돌,안전운전 의무 불이행,단일로,기타단일로,승용차,소형,승용차,소형,1,1,3,0,1
하남시,2012,2012-05-31 04시,야간,목요일,차대차,진행중 추돌,안전운전 의무 불이행,단일로,기타단일로,승용차,소형,건설기계,건설기계,1,1,2,0,0
용인시,2012,2012-05-31 03시,야간,목요일,차량단독,기타,안전운전 의무 불이행,단일로,기타단일로,승용차,중형,없음,없음,1,1,2,0,0
안산시,2012,2012-05-30 11시,주간,수요일,차대차,측면충돌,안전거리 미확보,단일로,기타단일로,자전거,자전거,화물차,소형,1,0,1,0,0
파주시,2012,2012-05-29 18시,야간,화요일,차대차,기타,신호위반,교차로,교차로내,자전거,자전거,승합차,중형,1,0,1,0,0
군포시,2012,2012-05-29 13시,주간,화요일,차대사람,횡단중,안전운전 의무 불이행,단일로,횡단보도부근,승용차,중형,보행자,보행자,1,0,1,0,0
수원시,2012,2012-05-29 08시,주간,화요일,차대사람,횡단중,안전운전 의무 불이행,단일로,기타단일로,승합차,대형,보행자,보행자,1,0,1,0,0
남양주시,2012,2012-05-29 01시,야간,화요일,차대차,주정차중 추돌,안전운전 의무 불이행,교차로,교차로부근,원동기장치자전거,원동기장치자전거,화물차,중형,1,0,1,0,0
화성시,2012,2012-05-28 04시,야간,월요일,차량단독,공작물충돌,안전운전 의무 불이행,단일로,횡단보도부근,화물차,중형,없음,없음,1,0,1,0,0
이천시,2012,2012-05-27 15시,주간,일요일,차대사람,횡단중,안전운전 의무 불이행,교차로,교차로내,승용차,중형,보행자,보행자,1,0,1,0,0
안성시,2012,2012-05-27 00시,야간,일요일,차량단독,공작물충돌,안전운전 의무 불이행,단일로,기타단일로,승용차,중형,없음,없음,1,1,2,0,0
포천시,2012,2012-05-27 00시,야간,일요일,차량단독,공작물충돌,기타(운전자법규위반),단일로,기타단일로,이륜차,중형,없음,없음,1,0,1,0,0
연천군,2012,2012-05-26 01시,야간,토요일,차대차,정면충돌,중앙선 침범,단일로,기타단일로,승용차,중형,승용차,소형,1,0,1,0,0
화성시,2012,2012-05-26 00시,야간,토요일,차대사람,기타,안전운전 의무 불이행,단일로,기타단일로,승용차,소형,보행자,보행자,1,0,1,0,0
연천군,2012,2012-05-25 20시,야간,금요일,차대차,진행중 추돌,안전운전 의무 불이행,단일로,교량위,승용차,대형,농기계,농기계,1,0,1,0,0
수원시,2012,2012-05-25 19시,야간,금요일,차대사람,기타,안전운전 의무 불이행,단일로,기타단일로,승용차,소형,보행자,보행자,1,0,1,0,0
남양주시,2012,2012-05-25 14시,주간,금요일,차대차,정면충돌,중앙선 침범,단일로,기타단일로,승용차,경형,승용차,경형,1,1,2,0,0
구리시,2012,2012-05-25 14시,주간,목요일,차량단독,공작물충돌,안전운전 의무 불이행,단일로,기타단일로,승용차,중형,없음,없음,1,1,3,0,1
오산시,2012,2012-05-25 08시,주간,금요일,차대차,측면충돌,신호위반,교차로,교차로내,승용차,소형,승합차,대형,1,2,5,0,2
광주시,2012,2012-05-25 03시,야간,금요일,차대차,주정차중 추돌,안전운전 의무 불이행,단일로,기타단일로,화물차,중형,화물차,대형,1,0,2,0,1
가평군,2012,2012-05-24 17시,주간,목요일,차대차,정면충돌,중앙선 침범,단일로,기타단일로,이륜차,소형,화물차,소형,1,0,1,0,0
여주시,2012,2012-05-24 08시,주간,목요일,차대차,측면충돌,중앙선 침범,단일로,횡단보도상,승용차,중형,자전거,자전거,1,0,1,0,0
안산시,2012,2012-05-24 03시,야간,목요일,차대차,진행중 추돌,안전운전 의무 불이행,단일로,기타단일로,승용차,중형,이륜차,소형,1,1,2,0,0
용인시,2012,2012-05-23 23시,야간,수요일,차대사람,기타,안전운전 의무 불이행,교차로,교차로부근,승용차,소형,보행자,보행자,1,0,1,0,0
이천시,2012,2012-05-23 21시,야간,수요일,차대사람,차도통행중,안전운전 의무 불이행,단일로,기타단일로,승용차,중형,보행자,보행자,1,0,1,0,0
시흥시,2012,2012-05-23 13시,주간,수요일,차대사람,횡단중,안전운전 의무 불이행,단일로,기타단일로,화물차,소형,보행자,보행자,1,0,1,0,0
연천군,2012,2012-05-22 22시,야간,화요일,차대사람,횡단중,보행자 보호의무 위반,단일로,횡단보도상,승용차,중형,보행자,보행자,1,0,1,0,0
안성시,2012,2012-05-22 13시,주간,화요일,차대사람,기타,안전운전 의무 불이행,단일로,기타단일로,승용차,대형,보행자,보행자,1,0,1,0,0
평택시,2012,2012-05-22 11시,주간,화요일,차대차,진행중 추돌,안전운전 의무 불이행,단일로,기타단일로,화물차,대형,화물차,중형,1,6,8,0,1
의왕시,2012,2012-05-21 14시,주간,월요일,차량단독,전도전복,안전운전 의무 불이행,단일로,기타단일로,특수차,대형,없음,없음,1,0,1,0,0
김포시,2012,2012-05-21 04시,야간,월요일,차대차,진행중 추돌,안전운전 의무 불이행,단일로,기타단일로,승용차,중형,농기계,농기계,1,0,1,0,0
군포시,2012,2012-05-21 03시,야간,월요일,차대차,측면충돌,안전운전 의무 불이행,교차로,교차로부근,승용차,중형,승용차,중형,1,0,1,0,0
용인시,2012,2012-05-20 21시,야간,일요일,차대사람,기타,기타(운전자법규위반),단일로,기타단일로,승용차,중형,보행자,보행자,1,0,1,0,0
화성시,2012,2012-05-19 16시,주간,토요일,차대사람,횡단중,안전운전 의무 불이행,단일로,기타단일로,화물차,소형,보행자,보행자,1,0,1,0,0
화성시,2012,2012-05-19 01시,야간,토요일,차대차,기타,안전운전 의무 불이행,단일로,기타단일로,승용차,대형,화물차,대형,1,1,2,0,0
안성시,2012,2012-05-17 01시,야간,목요일,차대사람,차도통행중,안전운전 의무 불이행,단일로,기타단일로,승용차,중형,보행자,보행자,1,0,1,0,0
평택시,2012,2012-05-16 21시,야간,수요일,차대차,정면충돌,중앙선 침범,단일로,기타단일로,자전거,자전거,승용차,대형,1,0,1,0,0
광주시,2012,2012-05-16 20시,야간,수요일,차대차,진행중 추돌,안전거리 미확보,단일로,기타단일로,화물차,소형,화물차,중형,1,0,2,0,1
용인시,2012,2012-05-16 02시,야간,수요일,차량단독,공작물충돌,안전운전 의무 불이행,단일로,기타단일로,승용차,대형,없음,없음,1,0,1,0,0
김포시,2012,2012-05-16 01시,야간,수요일,차대사람,기타,안전운전 의무 불이행,단일로,기타단일로,승용차,중형,보행자,보행자,1,0,1,0,0
고양시,2012,2012-05-15 15시,주간,화요일,차량단독,공작물충돌,안전운전 의무 불이행,단일로,기타단일로,승용차,중형,없음,없음,1,0,1,0,0
양주시,2012,2012-05-15 14시,주간,화요일,차대사람,횡단중,안전운전 의무 불이행,교차로,교차로부근,승합차,소형,보행자,보행자,1,0,1,0,0
화성시,2012,2012-05-14 10시,주간,월요일,차대차,정면충돌,중앙선 침범,단일로,기타단일로,화물차,소형,승합차,중형,1,0,10,0,9
용인시,2012,2012-05-14 05시,야간,월요일,차대차,기타,신호위반,교차로,교차로내,승용차,중형,자전거,자전거,1,0,1,0,0
군포시,2012,2012-05-13 23시,야간,일요일,차대사람,차도통행중,안전운전 의무 불이행,단일로,기타단일로,승합차,대형,보행자,보행자,1,0,1,0,0
양평군,2012,2012-05-13 21시,야간,일요일,차대차,기타,안전운전 의무 불이행,단일로,기타단일로,승용차,중형,이륜차,소형,1,0,1,0,0
용인시,2012,2012-05-13 19시,야간,일요일,차대사람,횡단중,안전운전 의무 불이행,교차로,교차로내,승합차,대형,보행자,보행자,1,0,1,0,0
양평군,2012,2012-05-13 15시,주간,일요일,차량단독,공작물충돌,안전운전 의무 불이행,단일로,기타단일로,승용차,소형,없음,없음,1,0,1,0,0
남양주시,2012,2012-05-13 10시,주간,일요일,차량단독,전도전복,안전거리 미확보,단일로,기타단일로,승용차,중형,없음,없음,1,0,2,0,1
성남시,2012,2012-05-12 21시,야간,토요일,차대사람,차도통행중,안전운전 의무 불이행,단일로,기타단일로,승합차,소형,보행자,보행자,1,0,1,0,0
고양시,2012,2012-05-12 15시,주간,토요일,차대차,측면충돌,교차로 통행방법 위반,교차로,교차로내,승용차,경형,자전거,자전거,1,0,1,0,0
시흥시,2012,2012-05-12 01시,야간,토요일,차대차,진행중 추돌,안전운전 의무 불이행,단일로,기타단일로,승용차,경형,승용차,소형,1,2,4,1,0
고양시,2012,2012-05-11 08시,주간,금요일,차대차,측면충돌,안전운전 의무 불이행,단일로,기타단일로,원동기장치자전거,원동기장치자전거,화물차,소형,1,0,1,0,0
의왕시,2012,2012-05-11 06시,주간,금요일,차량단독,전도전복,안전운전 의무 불이행,교차로,교차로부근,원동기장치자전거,원동기장치자전거,없음,없음,1,0,1,0,0
하남시,2012,2012-05-10 16시,주간,목요일,차대사람,보도통행중,보행자 보호의무 위반,단일로,기타단일로,이륜차,소형,보행자,보행자,1,2,4,0,1
용인시,2012,2012-05-09 17시,주간,수요일,차대차,측면충돌,차로위반(진로변경 위반),단일로,기타단일로,화물차,소형,승용차,소형,1,3,4,0,0
고양시,2012,2012-05-06 20시,야간,일요일,차대차,진행중 추돌,안전운전 의무 불이행,단일로,기타단일로,이륜차,대형,화물차,중형,1,0,1,0,0
성남시,2012,2012-05-06 07시,주간,일요일,차량단독,전도전복,안전운전 의무 불이행,단일로,기타단일로,특수차,중형,없음,없음,1,1,2,0,0
안양시,2012,2012-05-06 01시,야간,일요일,차대차,측면충돌,신호위반,교차로,교차로부근,승용차,중형,원동기장치자전거,원동기장치자전거,1,2,3,0,0
고양시,2012,2012-05-05 05시,야간,토요일,차대차,측면충돌,신호위반,교차로,교차로내,승용차,중형,승용차,중형,1,1,2,0,0
양주시,2012,2012-05-05 02시,야간,토요일,차대차,기타,안전운전 의무 불이행,단일로,기타단일로,승용차,중형,이륜차,소형,1,0,2,0,1
동두천시,2012,2012-05-04 10시,주간,금요일,차대차,측면충돌,안전운전 의무 불이행,단일로,기타단일로,승합차,중형,화물차,소형,1,0,7,3,3
평택시,2012,2012-05-04 10시,주간,금요일,차대차,측면충돌,신호위반,교차로,교차로내,승합차,중형,승용차,소형,1,0,4,1,2
양주시,2012,2012-05-03 22시,야간,목요일,차량단독,공작물충돌,안전운전 의무 불이행,단일로,기타단일로,이륜차,사발이,없음,없음,1,0,1,0,0
남양주시,2012,2012-05-03 16시,주간,목요일,차대사람,횡단중,신호위반,교차로,교차로내,승합차,소형,보행자,보행자,1,0,1,0,0
김포시,2012,2012-05-03 08시,주간,목요일,차대차,기타,안전운전 의무 불이행,단일로,터널안,화물차,소형,화물차,소형,1,2,3,0,0
안양시,2012,2012-05-03 01시,야간,목요일,차대차,정면충돌,신호위반,교차로,교차로내,이륜차,소형,승용차,중형,1,0,4,0,3
시흥시,2012,2012-05-03 01시,야간,목요일,차량단독,공작물충돌,안전운전 의무 불이행,단일로,기타단일로,이륜차,소형,없음,없음,1,0,1,0,0
의정부시,2012,2012-05-02 16시,주간,수요일,차대차,측면충돌,안전운전 의무 불이행,단일로,횡단보도상,화물차,소형,자전거,자전거,1,0,1,0,0
파주시,2012,2012-05-02 14시,주간,수요일,차량단독,기타,안전운전 의무 불이행,단일로,기타단일로,원동기장치자전거,원동기장치자전거,없음,없음,1,0,1,0,0
이천시,2012,2012-05-02 10시,주간,수요일,차대차,기타,안전운전 의무 불이행,기타/불명,기타/불명,화물차,소형,농기계,농기계,1,0,1,0,0
파주시,2012,2012-05-02 07시,주간,수요일,차량단독,공작물충돌,안전운전 의무 불이행,교차로,교차로부근,승용차,중형,없음,없음,1,0,1,0,0
안양시,2012,2012-05-02 04시,야간,수요일,차대차,측면충돌,안전운전 의무 불이행,교차로,교차로부근,승합차,소형,승용차,중형,1,1,2,0,0
안양시,2012,2012-05-02 03시,야간,수요일,차대사람,차도통행중,안전운전 의무 불이행,교차로,교차로부근,승용차,대형,보행자,보행자,1,0,1,0,0
여주시,2012,2012-05-02 02시,야간,수요일,차량단독,전도전복,안전운전 의무 불이행,단일로,기타단일로,승용차,대형,없음,없음,1,2,3,0,0
부천시,2012,2012-05-01 23시,야간,화요일,차대사람,횡단중,안전운전 의무 불이행,교차로,교차로부근,승합차,대형,보행자,보행자,1,0,1,0,0
고양시,2012,2012-05-01 21시,야간,화요일,차대사람,횡단중,안전운전 의무 불이행,단일로,기타단일로,승용차,중형,보행자,보행자,1,0,1,0,0
안양시,2012,2012-05-01 18시,야간,화요일,차대차,정면충돌,안전운전 의무 불이행,단일로,기타단일로,자전거,자전거,자전거,자전거,1,0,1,0,0
파주시,2012,2012-05-01 09시,주간,화요일,차량단독,공작물충돌,안전운전 의무 불이행,교차로,교차로부근,승용차,중형,없음,없음,1,0,1,0,0
안양시,2012,2012-05-01 05시,야간,화요일,차량단독,전도전복,안전운전 의무 불이행,단일로,기타단일로,승합차,소형,없음,없음,1,5,8,0,2
성남시,2012,2012-05-01 01시,야간,화요일,차대사람,기타,안전운전 의무 불이행,단일로,기타단일로,승용차,중형,보행자,보행자,1,0,1,0,0
포천시,2012,2012-04-30 21시,야간,월요일,차량단독,공작물충돌,안전운전 의무 불이행,단일로,기타단일로,승용차,중형,없음,없음,1,0,1,0,0
안성시,2012,2012-04-30 18시,야간,월요일,차대차,측면충돌,교차로 통행방법 위반,교차로,교차로내,승용차,중형,이륜차,소형,1,0,1,0,0
이천시,2012,2012-04-30 17시,주간,월요일,차대차,기타,안전운전 의무 불이행,단일로,기타단일로,화물차,대형,승용차,중형,1,0,11,0,10
고양시,2012,2012-04-30 15시,주간,월요일,차대차,진행중 추돌,안전운전 의무 불이행,단일로,기타단일로,화물차,소형,자전거,자전거,1,0,1,0,0
화성시,2012,2012-04-30 15시,주간,월요일,차대차,주정차중 추돌,안전운전 의무 불이행,단일로,기타단일로,화물차,중형,화물차,대형,1,0,5,0,4
김포시,2012,2012-04-30 05시,야간,월요일,차량단독,공작물충돌,안전운전 의무 불이행,단일로,기타단일로,승용차,중형,없음,없음,1,0,1,0,0
의정부시,2012,2012-04-30 03시,야간,월요일,차량단독,공작물충돌,안전운전 의무 불이행,단일로,기타단일로,승용차,중형,없음,없음,1,0,1,0,0