시군명,발생년도,발생일자,주야구분명,사고요일,사고유형_대분류,사고유형,법규위반내용,도로형태_대분류,도로형태,당사자1_대분류,당사자1_차종,당사자2_대분류,당사자2_차종,사망자수,중상자수,부상자수,부상신고자수,경상자수
동두천시,2012,2012-04-30 00시,야간,월요일,차량단독,공작물충돌,안전운전 의무 불이행,교차로,교차로부근,승용차,중형,없음,없음,1,0,1,0,0
화성시,2012,2012-04-29 11시,주간,일요일,차량단독,전도전복,안전운전 의무 불이행,단일로,기타단일로,이륜차,대형,없음,없음,1,0,1,0,0
이천시,2012,2012-04-29 01시,야간,일요일,차량단독,공작물충돌,안전운전 의무 불이행,교차로,교차로부근,승용차,경형,없음,없음,2,2,4,0,0
하남시,2012,2012-04-29 01시,야간,일요일,차대차,측면충돌,안전거리 미확보,단일로,기타단일로,승용차,중형,승용차,대형,1,0,1,0,0
오산시,2012,2012-04-28 21시,야간,토요일,차대사람,횡단중,신호위반,교차로,교차로부근,승용차,경형,보행자,보행자,1,0,1,0,0
안산시,2012,2012-04-28 06시,주간,토요일,차량단독,공작물충돌,안전운전 의무 불이행,단일로,기타단일로,승용차,중형,없음,없음,1,0,1,0,0
여주시,2012,2012-04-28 00시,야간,토요일,차대차,기타,안전운전 의무 불이행,단일로,기타단일로,승용차,대형,화물차,중형,1,1,2,0,0
시흥시,2012,2012-04-27 23시,야간,금요일,차대차,측면충돌,교차로 통행방법 위반,교차로,교차로내,승용차,중형,승용차,경형,1,1,2,0,0
시흥시,2012,2012-04-27 21시,야간,금요일,차대차,측면충돌,신호위반,교차로,교차로내,승용차,중형,이륜차,소형,1,1,2,0,0
부천시,2012,2012-04-27 11시,주간,금요일,차대차,측면충돌,안전거리 미확보,단일로,기타단일로,승용차,중형,이륜차,소형,1,0,1,0,0
화성시,2012,2012-04-26 20시,야간,목요일,차대차,진행중 추돌,안전운전 의무 불이행,단일로,기타단일로,승용차,대형,농기계,농기계,1,0,2,0,1
부천시,2012,2012-04-26 02시,야간,목요일,차대사람,횡단중,안전운전 의무 불이행,단일로,기타단일로,화물차,소형,보행자,보행자,1,0,1,0,0
동두천시,2012,2012-04-24 20시,야간,화요일,차대차,측면충돌,신호위반,교차로,교차로내,승용차,소형,이륜차,소형,1,0,1,0,0
양주시,2012,2012-04-24 19시,야간,화요일,차량단독,전도전복,안전운전 의무 불이행,단일로,기타단일로,원동기장치자전거,원동기장치자전거,없음,없음,1,0,1,0,0
수원시,2012,2012-04-24 03시,야간,화요일,차량단독,공작물충돌,안전운전 의무 불이행,단일로,기타단일로,승용차,중형,없음,없음,1,0,3,0,2
광명시,2012,2012-04-23 20시,야간,월요일,차대사람,횡단중,안전운전 의무 불이행,교차로,교차로내,화물차,대형,보행자,보행자,1,0,1,0,0
광주시,2012,2012-04-23 07시,주간,월요일,차량단독,공작물충돌,안전운전 의무 불이행,단일로,기타단일로,승용차,중형,없음,없음,1,0,1,0,0
김포시,2012,2012-04-23 06시,주간,월요일,차대차,진행중 추돌,안전운전 의무 불이행,단일로,기타단일로,화물차,경형,화물차,소형,1,1,2,0,0
안산시,2012,2012-04-23 05시,야간,월요일,차량단독,공작물충돌,안전운전 의무 불이행,단일로,기타단일로,승용차,중형,없음,없음,1,0,1,0,0
양주시,2012,2012-04-22 03시,야간,일요일,차대사람,기타,안전운전 의무 불이행,단일로,기타단일로,화물차,소형,보행자,보행자,1,0,1,0,0
양평군,2012,2012-04-22 02시,야간,일요일,차량단독,공작물충돌,안전운전 의무 불이행,단일로,기타단일로,승용차,대형,없음,없음,1,0,1,0,0
수원시,2012,2012-04-21 21시,야간,토요일,차대사람,횡단중,안전운전 의무 불이행,단일로,기타단일로,승용차,중형,보행자,보행자,1,0,1,0,0
김포시,2012,2012-04-21 12시,주간,토요일,차대차,기타,안전거리 미확보,단일로,기타단일로,특수차,대형,이륜차,소형,1,0,1,0,0
화성시,2012,2012-04-20 07시,주간,금요일,차대차,기타,중앙선 침범,단일로,기타단일로,승합차,경형,건설기계,건설기계,1,0,1,0,0
고양시,2012,2012-04-19 00시,야간,목요일,차대사람,횡단중,과속,교차로,교차로부근,승용차,소형,보행자,보행자,1,0,1,0,0
의정부시,2012,2012-04-18 23시,야간,수요일,차량단독,공작물충돌,안전운전 의무 불이행,단일로,고가도로위,승용차,중형,없음,없음,1,0,1,0,0
부천시,2012,2012-04-18 07시,주간,수요일,차대차,기타,중앙선 침범,단일로,고가도로위,승용차,중형,승합차,소형,1,4,6,0,1
시흥시,2012,2012-04-17 23시,야간,화요일,차량단독,공작물충돌,안전운전 의무 불이행,단일로,기타단일로,승용차,대형,없음,없음,1,0,1,0,0
수원시,2012,2012-04-17 16시,주간,화요일,차대차,기타,신호위반,단일로,기타단일로,화물차,대형,자전거,자전거,1,0,1,0,0
고양시,2012,2012-04-17 15시,주간,화요일,차대차,기타,기타(운전자법규위반),기타/불명,기타/불명,화물차,대형,화물차,소형,1,0,1,0,0
평택시,2012,2012-04-17 00시,야간,화요일,차대차,진행중 추돌,안전운전 의무 불이행,단일로,기타단일로,화물차,경형,화물차,중형,1,0,2,0,1
남양주시,2012,2012-04-16 14시,주간,월요일,차대차,진행중 추돌,안전운전 의무 불이행,단일로,기타단일로,승용차,경형,특수차,소형,1,0,3,0,2
평택시,2012,2012-04-16 05시,야간,월요일,차대차,기타,신호위반,교차로,교차로내,건설기계,건설기계,승용차,중형,2,3,5,0,0
성남시,2012,2012-04-15 16시,주간,일요일,차대사람,기타,안전운전 의무 불이행,단일로,기타단일로,자전거,자전거,보행자,보행자,1,0,1,0,0
용인시,2012,2012-04-15 03시,야간,일요일,차량단독,공작물충돌,안전운전 의무 불이행,단일로,기타단일로,승용차,중형,없음,없음,1,0,1,0,0
평택시,2012,2012-04-14 23시,야간,토요일,차대차,정면충돌,안전운전 의무 불이행,교차로,교차로내,승용차,중형,자전거,자전거,1,0,1,0,0
화성시,2012,2012-04-14 17시,주간,토요일,차대차,측면충돌,중앙선 침범,기타/불명,기타/불명,농기계,농기계,이륜차,소형,1,0,1,0,0
양주시,2012,2012-04-14 16시,주간,토요일,차량단독,기타,안전운전 의무 불이행,단일로,터널안,승용차,중형,없음,없음,1,0,2,0,1
성남시,2012,2012-04-14 03시,야간,토요일,차량단독,전도전복,안전운전 의무 불이행,단일로,기타단일로,승합차,소형,없음,없음,1,0,1,0,0
안양시,2012,2012-04-13 12시,주간,금요일,차대차,측면충돌,교차로 통행방법 위반,교차로,교차로내,자전거,자전거,화물차,중형,1,0,1,0,0
광주시,2012,2012-04-13 07시,주간,금요일,차대차,정면충돌,중앙선 침범,단일로,기타단일로,승용차,대형,승합차,대형,1,0,10,6,3
안성시,2012,2012-04-13 01시,야간,금요일,차량단독,도로이탈 추락,안전운전 의무 불이행,단일로,기타단일로,승용차,대형,없음,없음,2,1,3,0,0
평택시,2012,2012-04-12 22시,야간,목요일,차대차,주정차중 추돌,안전운전 의무 불이행,단일로,기타단일로,화물차,소형,승합차,대형,1,0,3,0,2
연천군,2012,2012-04-12 12시,주간,목요일,차대사람,기타,안전운전 의무 불이행,단일로,기타단일로,승합차,대형,보행자,보행자,1,0,1,0,0
양평군,2012,2012-04-12 05시,야간,목요일,차량단독,공작물충돌,안전운전 의무 불이행,단일로,기타단일로,승용차,소형,없음,없음,1,0,1,0,0
이천시,2012,2012-04-11 21시,야간,수요일,차대사람,횡단중,안전운전 의무 불이행,교차로,교차로내,화물차,소형,보행자,보행자,1,0,1,0,0
안산시,2012,2012-04-11 20시,야간,수요일,차대차,측면충돌,안전운전 의무 불이행,교차로,교차로내,자전거,자전거,이륜차,중형,1,1,2,0,0
양주시,2012,2012-04-11 02시,야간,수요일,차대차,기타,안전운전 의무 불이행,교차로,교차로부근,승용차,중형,승용차,중형,1,0,1,0,0
화성시,2012,2012-04-09 06시,주간,월요일,차대사람,기타,안전운전 의무 불이행,단일로,기타단일로,승용차,중형,보행자,보행자,1,0,1,0,0
화성시,2012,2012-04-08 22시,야간,일요일,차량단독,전도전복,안전운전 의무 불이행,단일로,기타단일로,승용차,소형,없음,없음,1,1,2,0,0
오산시,2012,2012-04-08 19시,야간,일요일,차대차,측면충돌,신호위반,교차로,교차로내,승용차,중형,이륜차,소형,1,0,1,0,0
가평군,2012,2012-04-08 15시,주간,일요일,차대차,주정차중 추돌,안전운전 의무 불이행,단일로,교량위,이륜차,중형,이륜차,중형,1,1,7,0,5
가평군,2012,2012-04-08 14시,주간,일요일,차대차,정면충돌,중앙선 침범,단일로,기타단일로,이륜차,대형,이륜차,대형,1,1,2,0,0
하남시,2012,2012-04-08 14시,주간,일요일,차량단독,기타,안전운전 의무 불이행,단일로,기타단일로,자전거,자전거,없음,없음,1,0,1,0,0
고양시,2012,2012-04-08 00시,야간,일요일,차대사람,횡단중,안전운전 의무 불이행,단일로,횡단보도부근,승용차,대형,보행자,보행자,1,0,1,0,0
부천시,2012,2012-04-08 00시,야간,일요일,차대차,기타,신호위반,교차로,교차로내,승용차,중형,이륜차,소형,1,0,1,0,0
화성시,2012,2012-04-07 23시,야간,토요일,차대사람,길가장자리구역통행중,안전운전 의무 불이행,단일로,기타단일로,승용차,중형,보행자,보행자,1,0,1,0,0
광주시,2012,2012-04-07 20시,야간,토요일,차대사람,기타,안전운전 의무 불이행,단일로,기타단일로,원동기장치자전거,원동기장치자전거,보행자,보행자,1,0,1,0,0
이천시,2012,2012-04-07 16시,주간,토요일,차대차,진행중 추돌,안전거리 미확보,단일로,기타단일로,승용차,대형,화물차,대형,2,2,4,0,0
포천시,2012,2012-04-07 14시,주간,토요일,차대차,정면충돌,중앙선 침범,단일로,기타단일로,승용차,중형,화물차,중형,1,0,2,0,1
성남시,2012,2012-04-06 08시,주간,금요일,차대사람,기타,안전운전 의무 불이행,교차로,교차로부근,승용차,소형,보행자,보행자,1,0,1,0,0
고양시,2012,2012-04-06 06시,주간,금요일,차대차,정면충돌,신호위반,교차로,교차로내,이륜차,중형,승합차,중형,1,0,1,0,0
용인시,2012,2012-04-06 02시,야간,금요일,차대사람,길가장자리구역통행중,안전운전 의무 불이행,단일로,기타단일로,화물차,중형,보행자,보행자,1,0,1,0,0
남양주시,2012,2012-04-05 13시,주간,목요일,차량단독,전도전복,안전운전 의무 불이행,단일로,터널안,원동기장치자전거,원동기장치자전거,없음,없음,1,0,1,0,0
남양주시,2012,2012-04-05 08시,주간,목요일,차대차,측면충돌,안전운전 의무 불이행,단일로,기타단일로,화물차,대형,이륜차,중형,1,0,1,0,0
고양시,2012,2012-04-05 00시,야간,목요일,차대사람,횡단중,안전운전 의무 불이행,단일로,횡단보도부근,승용차,소형,보행자,보행자,1,0,1,0,0
성남시,2012,2012-04-04 21시,야간,수요일,차대사람,차도통행중,안전운전 의무 불이행,단일로,기타단일로,승합차,대형,보행자,보행자,1,0,1,0,0
성남시,2012,2012-04-04 17시,주간,수요일,차대사람,횡단중,안전운전 의무 불이행,단일로,횡단보도상,승합차,대형,보행자,보행자,1,0,1,0,0
남양주시,2012,2012-04-04 15시,주간,수요일,차대차,측면충돌,신호위반,단일로,터널안,화물차,중형,승합차,소형,1,1,4,0,2
수원시,2012,2012-04-03 15시,주간,화요일,차대사람,횡단중,기타(운전자법규위반),교차로,교차로부근,승용차,중형,보행자,보행자,1,0,1,0,0
평택시,2012,2012-04-02 20시,야간,월요일,차대사람,횡단중,안전운전 의무 불이행,교차로,교차로내,승용차,중형,보행자,보행자,1,0,1,0,0
평택시,2012,2012-04-02 20시,야간,월요일,차대사람,기타,안전운전 의무 불이행,단일로,기타단일로,승합차,소형,보행자,보행자,1,0,1,0,0
여주시,2012,2012-04-01 16시,주간,일요일,차대차,측면충돌,안전운전 의무 불이행,단일로,기타단일로,이륜차,중형,농기계,농기계,1,0,1,0,0
남양주시,2012,2012-04-01 14시,주간,일요일,차대사람,기타,안전운전 의무 불이행,단일로,기타단일로,승용차,대형,보행자,보행자,1,0,1,0,0
용인시,2012,2012-04-01 12시,주간,일요일,차대차,진행중 추돌,안전운전 의무 불이행,단일로,기타단일로,화물차,소형,승용차,소형,1,0,3,0,2
수원시,2012,2012-04-01 02시,야간,일요일,차량단독,공작물충돌,안전운전 의무 불이행,단일로,기타단일로,이륜차,소형,없음,없음,1,0,1,0,0
안산시,2012,2012-03-31 23시,야간,토요일,차대사람,횡단중,안전운전 의무 불이행,단일로,지하차도(도로)내,승용차,중형,보행자,보행자,1,0,1,0,0
광명시,2012,2012-03-31 20시,야간,토요일,차대사람,기타,안전운전 의무 불이행,단일로,기타단일로,승용차,중형,보행자,보행자,1,0,1,0,0
의왕시,2012,2012-03-31 20시,야간,토요일,차대사람,차도통행중,안전운전 의무 불이행,단일로,기타단일로,승용차,중형,보행자,보행자,1,0,1,0,0
안성시,2012,2012-03-31 17시,주간,토요일,차대사람,기타,안전운전 의무 불이행,교차로,교차로부근,화물차,소형,보행자,보행자,1,0,1,0,0
부천시,2012,2012-03-31 09시,주간,토요일,차대사람,기타,안전운전 의무 불이행,단일로,횡단보도부근,승합차,중형,보행자,보행자,1,0,2,0,1
수원시,2012,2012-03-31 08시,주간,토요일,차대사람,횡단중,안전운전 의무 불이행,단일로,기타단일로,승용차,소형,보행자,보행자,1,0,1,0,0
광명시,2012,2012-03-30 22시,야간,금요일,차대사람,차도통행중,안전운전 의무 불이행,단일로,기타단일로,승합차,소형,보행자,보행자,1,0,1,0,0
용인시,2012,2012-03-30 13시,주간,금요일,차대차,주정차중 추돌,안전운전 의무 불이행,단일로,기타단일로,화물차,소형,특수차,경형,1,0,1,0,0
평택시,2012,2012-03-29 16시,주간,목요일,차대사람,길가장자리구역통행중,안전운전 의무 불이행,단일로,기타단일로,건설기계,건설기계,보행자,보행자,1,0,1,0,0
양평군,2012,2012-03-28 21시,야간,수요일,차대사람,기타,안전운전 의무 불이행,단일로,기타단일로,승용차,중형,보행자,보행자,1,0,1,0,0
부천시,2012,2012-03-28 11시,주간,수요일,차대차,측면충돌,안전운전 의무 불이행,단일로,횡단보도상,승합차,대형,자전거,자전거,1,0,1,0,0
이천시,2012,2012-03-28 02시,야간,수요일,차량단독,도로이탈 추락,안전운전 의무 불이행,단일로,기타단일로,승용차,중형,없음,없음,1,0,3,1,1
남양주시,2012,2012-03-27 14시,주간,화요일,차대차,진행중 추돌,안전운전 의무 불이행,단일로,터널안,승합차,소형,화물차,소형,4,5,9,0,0
연천군,2012,2012-03-27 13시,주간,화요일,차량단독,기타,안전운전 의무 불이행,단일로,기타단일로,자전거,자전거,없음,없음,1,0,1,0,0
평택시,2012,2012-03-27 09시,주간,화요일,차대사람,횡단중,안전운전 의무 불이행,교차로,교차로내,특수차,대형,보행자,보행자,1,0,1,0,0
성남시,2012,2012-03-27 08시,주간,화요일,차대사람,횡단중,보행자 보호의무 위반,단일로,횡단보도상,승용차,중형,보행자,보행자,1,0,1,0,0
안산시,2012,2012-03-27 06시,주간,화요일,차대차,측면충돌,안전운전 의무 불이행,단일로,기타단일로,화물차,중형,화물차,소형,1,2,3,0,0
고양시,2012,2012-03-26 17시,주간,월요일,차대사람,기타,안전운전 의무 불이행,단일로,횡단보도상,승합차,대형,보행자,보행자,1,0,1,0,0
평택시,2012,2012-03-26 17시,주간,월요일,차대사람,횡단중,보행자 보호의무 위반,단일로,횡단보도상,승용차,경형,보행자,보행자,1,0,1,0,0
화성시,2012,2012-03-26 15시,주간,월요일,차대차,측면충돌,안전운전 의무 불이행,교차로,교차로부근,특수차,대형,원동기장치자전거,원동기장치자전거,1,0,1,0,0
수원시,2012,2012-03-25 22시,야간,일요일,차대사람,횡단중,안전운전 의무 불이행,교차로,교차로부근,승합차,대형,보행자,보행자,1,0,1,0,0
안양시,2012,2012-03-25 05시,야간,일요일,차량단독,기타,안전운전 의무 불이행,단일로,터널안,승용차,소형,없음,없음,1,0,1,0,0
용인시,2012,2012-03-24 20시,야간,토요일,차량단독,기타,안전운전 의무 불이행,기타/불명,기타/불명,승용차,대형,없음,없음,1,0,1,0,0
오산시,2012,2012-03-24 13시,주간,토요일,차량단독,공작물충돌,과속,단일로,터널안,승용차,소형,없음,없음,1,0,1,0,0
평택시,2012,2012-03-24 01시,야간,토요일,차대사람,기타,안전운전 의무 불이행,단일로,기타단일로,승용차,소형,보행자,보행자,1,0,1,0,0
남양주시,2012,2012-03-23 19시,야간,금요일,차대사람,보도통행중,신호위반,단일로,기타단일로,승용차,중형,보행자,보행자,1,0,1,0,0
안성시,2012,2012-03-22 21시,야간,목요일,차대사람,길가장자리구역통행중,안전운전 의무 불이행,단일로,기타단일로,승용차,중형,보행자,보행자,2,0,3,0,1
화성시,2012,2012-03-22 16시,주간,목요일,차대차,진행중 추돌,안전운전 의무 불이행,단일로,기타단일로,화물차,중형,화물차,중형,1,0,2,1,0
연천군,2012,2012-03-22 11시,주간,목요일,차대차,측면충돌,중앙선 침범,단일로,기타단일로,화물차,소형,특수차,대형,1,0,2,0,1
수원시,2012,2012-03-22 09시,주간,목요일,차대사람,횡단중,보행자 보호의무 위반,단일로,횡단보도상,승용차,중형,보행자,보행자,1,0,1,0,0
평택시,2012,2012-03-21 06시,주간,수요일,차량단독,기타,안전운전 의무 불이행,단일로,기타단일로,승용차,경형,없음,없음,1,0,1,0,0
안산시,2012,2012-03-20 18시,야간,화요일,차대차,측면충돌,안전운전 의무 불이행,교차로,교차로내,자전거,자전거,화물차,중형,1,0,1,0,0
수원시,2012,2012-03-20 05시,야간,화요일,차대사람,횡단중,안전운전 의무 불이행,단일로,기타단일로,승합차,대형,보행자,보행자,1,0,1,0,0
부천시,2012,2012-03-20 01시,야간,화요일,차대사람,횡단중,안전운전 의무 불이행,단일로,기타단일로,승용차,중형,보행자,보행자,1,0,1,0,0
김포시,2012,2012-03-19 11시,주간,월요일,차대차,측면충돌,신호위반,교차로,교차로내,건설기계,건설기계,이륜차,사발이,1,0,1,0,0
안산시,2012,2012-03-18 23시,야간,일요일,차량단독,전도전복,안전운전 의무 불이행,단일로,기타단일로,승용차,대형,없음,없음,1,0,1,0,0
안산시,2012,2012-03-18 01시,야간,토요일,차량단독,공작물충돌,안전운전 의무 불이행,단일로,터널안,승용차,소형,없음,없음,1,0,1,0,0
동두천시,2012,2012-03-18 00시,야간,일요일,차량단독,전도전복,안전운전 의무 불이행,단일로,기타단일로,이륜차,중형,없음,없음,1,0,1,0,0
김포시,2012,2012-03-17 21시,야간,토요일,차대사람,기타,안전운전 의무 불이행,교차로,교차로부근,화물차,소형,보행자,보행자,1,0,1,0,0
안산시,2012,2012-03-17 19시,야간,토요일,차대사람,횡단중,안전운전 의무 불이행,단일로,기타단일로,승용차,소형,보행자,보행자,1,0,1,0,0
시흥시,2012,2012-03-17 08시,주간,토요일,차대차,측면충돌,신호위반,교차로,교차로내,화물차,대형,승합차,소형,3,5,10,0,2
군포시,2012,2012-03-17 05시,야간,토요일,차대차,기타,중앙선 침범,단일로,기타단일로,자전거,자전거,화물차,소형,1,0,1,0,0
의왕시,2012,2012-03-17 05시,야간,토요일,차대사람,횡단중,안전운전 의무 불이행,교차로,교차로부근,승용차,경형,보행자,보행자,1,0,1,0,0
성남시,2012,2012-03-17 05시,야간,토요일,차량단독,기타,안전운전 의무 불이행,단일로,기타단일로,승용차,대형,없음,없음,1,0,1,0,0
과천시,2012,2012-03-17 03시,야간,토요일,차량단독,공작물충돌,과속,단일로,기타단일로,승용차,중형,없음,없음,2,0,2,0,0
포천시,2012,2012-03-17 02시,야간,토요일,차량단독,도로이탈 추락,안전운전 의무 불이행,단일로,기타단일로,화물차,소형,없음,없음,2,1,3,0,0
성남시,2012,2012-03-16 20시,야간,금요일,차대사람,길가장자리구역통행중,안전운전 의무 불이행,단일로,기타단일로,승용차,중형,보행자,보행자,1,0,1,0,0
남양주시,2012,2012-03-16 15시,주간,금요일,차량단독,공작물충돌,안전운전 의무 불이행,단일로,기타단일로,승용차,대형,없음,없음,1,0,1,0,0
용인시,2012,2012-03-16 12시,주간,금요일,차량단독,공작물충돌,안전운전 의무 불이행,단일로,기타단일로,원동기장치자전거,원동기장치자전거,없음,없음,1,0,1,0,0
안양시,2012,2012-03-15 20시,야간,목요일,차대사람,횡단중,안전운전 의무 불이행,교차로,교차로내,승용차,중형,보행자,보행자,1,0,1,0,0
고양시,2012,2012-03-15 12시,주간,목요일,차대사람,횡단중,안전운전 의무 불이행,단일로,기타단일로,승합차,대형,보행자,보행자,1,0,1,0,0
광명시,2012,2012-03-15 10시,주간,목요일,차대차,측면충돌,안전운전 의무 불이행,단일로,기타단일로,승용차,중형,원동기장치자전거,원동기장치자전거,1,0,1,0,0
연천군,2012,2012-03-14 20시,야간,수요일,차대차,정면충돌,중앙선 침범,단일로,기타단일로,이륜차,소형,승용차,중형,1,0,1,0,0
양평군,2012,2012-03-14 10시,주간,수요일,차대차,진행중 추돌,안전운전 의무 불이행,교차로,교차로부근,승용차,소형,이륜차,소형,1,0,1,0,0
양평군,2012,2012-03-13 21시,야간,화요일,차량단독,도로이탈 추락,안전운전 의무 불이행,단일로,기타단일로,승용차,중형,없음,없음,1,0,1,0,0
남양주시,2012,2012-03-13 08시,주간,화요일,차대차,측면충돌,안전운전 의무 불이행,교차로,교차로내,승용차,경형,승용차,경형,1,0,4,0,3
수원시,2012,2012-03-13 08시,주간,화요일,차대사람,횡단중,안전운전 의무 불이행,단일로,기타단일로,승용차,중형,보행자,보행자,1,0,1,0,0
안산시,2012,2012-03-12 22시,야간,월요일,차대사람,횡단중,안전운전 의무 불이행,단일로,기타단일로,화물차,경형,보행자,보행자,1,0,1,0,0
화성시,2012,2012-03-12 19시,야간,월요일,차대차,정면충돌,안전운전 의무 불이행,단일로,기타단일로,원동기장치자전거,원동기장치자전거,원동기장치자전거,원동기장치자전거,1,0,1,0,0
여주시,2012,2012-03-11 23시,야간,일요일,차대사람,길가장자리구역통행중,안전운전 의무 불이행,단일로,기타단일로,승용차,소형,보행자,보행자,2,3,6,0,1
이천시,2012,2012-03-11 16시,주간,일요일,차대차,측면충돌,신호위반,교차로,교차로내,이륜차,소형,승용차,중형,1,0,1,0,0
용인시,2012,2012-03-11 04시,야간,일요일,차대차,주정차중 추돌,안전운전 의무 불이행,단일로,기타단일로,승용차,중형,화물차,대형,1,0,1,0,0
안산시,2012,2012-03-10 04시,야간,토요일,차대차,기타,중앙선 침범,교차로,교차로내,승용차,대형,화물차,소형,1,0,2,0,1
포천시,2012,2012-03-09 22시,야간,금요일,차대사람,횡단중,안전운전 의무 불이행,교차로,교차로부근,승합차,대형,보행자,보행자,1,0,1,0,0
파주시,2012,2012-03-08 07시,주간,목요일,차대차,정면충돌,중앙선 침범,단일로,기타단일로,승용차,경형,승용차,대형,1,2,3,0,0
성남시,2012,2012-03-07 16시,주간,수요일,차량단독,기타,안전운전 의무 불이행,단일로,기타단일로,승용차,중형,없음,없음,1,0,1,0,0
안성시,2012,2012-03-07 10시,주간,수요일,차대사람,기타,안전운전 의무 불이행,단일로,기타단일로,화물차,대형,보행자,보행자,1,0,2,0,1
광주시,2012,2012-03-06 15시,주간,화요일,차대사람,횡단중,안전운전 의무 불이행,단일로,기타단일로,화물차,소형,보행자,보행자,1,0,1,0,0
남양주시,2012,2012-03-06 15시,주간,화요일,차대차,정면충돌,중앙선 침범,단일로,기타단일로,승용차,대형,특수차,대형,1,1,2,0,0
이천시,2012,2012-03-06 14시,주간,화요일,차대차,측면충돌,안전운전 의무 불이행,단일로,기타단일로,화물차,소형,승용차,소형,3,2,7,0,2
수원시,2012,2012-03-05 23시,야간,월요일,차대사람,횡단중,안전운전 의무 불이행,교차로,교차로부근,승용차,소형,보행자,보행자,1,0,1,0,0
수원시,2012,2012-03-05 23시,야간,월요일,차대차,주정차중 추돌,안전운전 의무 불이행,교차로,교차로내,승용차,소형,승합차,대형,1,0,1,0,0
양주시,2012,2012-03-05 15시,주간,월요일,차량단독,도로이탈 추락,안전운전 의무 불이행,단일로,기타단일로,승용차,대형,없음,없음,1,0,1,0,0
남양주시,2012,2012-03-05 14시,주간,월요일,차대사람,횡단중,안전운전 의무 불이행,교차로,교차로내,건설기계,건설기계,보행자,보행자,1,0,1,0,0
남양주시,2012,2012-03-04 04시,야간,일요일,차량단독,공작물충돌,안전운전 의무 불이행,단일로,기타단일로,승용차,중형,없음,없음,1,1,2,0,0
화성시,2012,2012-03-03 11시,주간,토요일,차대사람,기타,기타(운전자법규위반),단일로,기타단일로,승합차,대형,보행자,보행자,1,0,1,0,0
고양시,2012,2012-03-03 02시,야간,토요일,차대차,기타,안전운전 의무 불이행,단일로,기타단일로,승용차,중형,승용차,중형,1,0,2,1,0
화성시,2012,2012-03-02 20시,야간,금요일,차량단독,공작물충돌,안전운전 의무 불이행,단일로,기타단일로,승용차,중형,없음,없음,1,0,1,0,0
안산시,2012,2012-03-02 11시,주간,금요일,차대사람,횡단중,보행자 보호의무 위반,단일로,횡단보도상,특수차,중형,보행자,보행자,1,0,1,0,0
하남시,2012,2012-03-01 15시,주간,목요일,차대사람,횡단중,안전운전 의무 불이행,단일로,터널안,승용차,대형,보행자,보행자,1,0,1,0,0
파주시,2012,2012-03-01 12시,주간,목요일,차량단독,공작물충돌,안전운전 의무 불이행,단일로,기타단일로,이륜차,소형,없음,없음,1,0,1,0,0
안산시,2012,2012-03-01 04시,야간,목요일,차대사람,횡단중,안전운전 의무 불이행,단일로,기타단일로,화물차,소형,보행자,보행자,1,0,1,0,0
평택시,2012,2012-02-29 23시,야간,수요일,차대사람,횡단중,안전운전 의무 불이행,교차로,교차로부근,화물차,대형,보행자,보행자,1,1,2,0,0
김포시,2012,2012-02-29 21시,야간,수요일,차대차,정면충돌,중앙선 침범,단일로,기타단일로,승용차,중형,승합차,대형,1,1,2,0,0
연천군,2012,2012-02-29 10시,주간,수요일,차대차,측면충돌,중앙선 침범,단일로,기타단일로,원동기장치자전거,원동기장치자전거,승용차,중형,1,0,1,0,0
포천시,2012,2012-02-28 12시,주간,화요일,차대사람,기타,기타(운전자법규위반),단일로,기타단일로,승합차,대형,보행자,보행자,1,0,1,0,0
의정부시,2012,2012-02-28 03시,야간,화요일,차량단독,공작물충돌,안전운전 의무 불이행,단일로,기타단일로,승용차,중형,없음,없음,1,0,1,0,0
여주시,2012,2012-02-27 18시,야간,월요일,차대사람,기타,안전운전 의무 불이행,단일로,기타단일로,승용차,중형,보행자,보행자,1,0,1,0,0
안양시,2012,2012-02-27 18시,야간,월요일,차량단독,전도전복,안전운전 의무 불이행,단일로,기타단일로,이륜차,소형,없음,없음,1,0,1,0,0
양주시,2012,2012-02-27 18시,야간,월요일,차대차,기타,안전운전 의무 불이행,교차로,교차로부근,승용차,중형,승용차,중형,1,0,2,0,1
이천시,2012,2012-02-27 08시,주간,월요일,차대차,측면충돌,교차로 통행방법 위반,교차로,교차로내,화물차,대형,원동기장치자전거,원동기장치자전거,1,0,1,0,0
수원시,2012,2012-02-27 04시,야간,월요일,차대차,측면충돌,신호위반,교차로,교차로부근,승용차,중형,승합차,대형,1,0,2,0,1
군포시,2012,2012-02-26 03시,야간,일요일,차량단독,도로이탈 추락,안전운전 의무 불이행,교차로,교차로내,승용차,중형,없음,없음,1,0,1,0,0
고양시,2012,2012-02-26 01시,야간,일요일,차대사람,횡단중,안전운전 의무 불이행,단일로,기타단일로,승용차,소형,보행자,보행자,1,0,1,0,0
고양시,2012,2012-02-26 01시,야간,일요일,차대차,정면충돌,안전운전 의무 불이행,교차로,교차로내,승용차,중형,승용차,중형,1,3,5,0,1